Jeremy Renner;Mission: Impossible - Ghost Protocol
Harrison Ford;Air Force One
Joan Cusack;Runaway Bride
Julian Sands;Killing Fields, The
Bill Paxton;Twister
Joan Plowright;101 Dalmatians
Stanley Lawrence;Ghost
John Lithgow;Rise of the Planet of the Apes
Steve Guttenberg;Three Men and a Baby
Penelope Cruz;Pirates of the Caribbean: On Stranger Tides
John Rhys-Davies;Raiders of the Lost Ark
Claudette Colbert;It Happened One Night
Christopher Carley;Gran Torino
Daniel Radcliffe;Harry Potter and the Prisoner of Azkaban
Celeste Holm;Gentlemans Agreement
Bradley Cooper;The Hangover
Charlize Theron;Hancock
Don Rickles;Toy Story 2
Liam Hemsworth;The Hunger Games
Owen Wilson;Cars 2
Matt Damon;The Bourne Supremacy
Ann Blyth;Mildred Pierce
Zachary Levi;Tangled
John Lone;Rush Hour 2
Trevor Howard;Gandhi
Garry Marshall;Chicken Little
Daniel Radcliffe;Harry Potter and the Chamber of Secrets
Nathan Jones;Troy
D.B. Sweeney;Dinosaur
John Cazale;Deer Hunter, The
Mickey Rooney;Boys Town
Val Kilmer;Batman Forever
Charles Bickford;Song of Bernadette, The
Jeff Daniels;101 Dalmatians
Carrie Fisher;Star Wars: Episode V - The Empire Strikes Back
Janet Gaynor;Seventh Heaven
Robert Pattinson;Twilight
Hermione Gingold;Gigi
Robert Stack;Written on the Wind
Spencer Tracy;Captains Courageous
Jackie Chan;The Karate Kid
Russell Crowe;L.A. Confidential
Jack Nicholson;Anger Management
Vincent Regan;300
Omar Sharif;Lawrence of Arabia
Daniel Gerroll;Chariots of Fire
Sela Ward;Fugitive, The
Julie Ann Emery;Hitch
Olga Kurylenko;Quantum of Solace
Christopher Plummer;Sound of Music, The
Johnny Depp;Pirates of the Caribbean: Dead Mans Chest
Tim Holt;Treasure of the Sierra Madre, The
Diane Keaton;Godfather: Part II, The
Robert Wuhl;Batman
Katharine Ross;Graduate, The
Cary Grant;Awful Truth, The
Will Arnett;Monsters vs Aliens
Cara Seymour;Adaptation.
Paul Pape;Saturday Night Fever
Nia Vardalos;My Big Fat Greek Wedding
Beryl Mercer;Cavalcade
Brian Haley;Gran Torino
Patrick Stewart;Chicken Little
Danny Glover;Lethal Weapon 3
Eddie Albert;Roman Holiday
Morris Carnovsky;Cyrano de Bergerac
George Segal;Whos Afraid of Virginia Woolf?
Eddie Fisher;BUtterfield 8
Mark Wahlberg;The Fighter
Linda Hamilton;Terminator 2: Judgment Day
Mike Myers;Shrek 2
Bette Davis;All About Eve
Anthony Quinn;Lawrence of Arabia
Alec Guinness;Bridge on the River Kwai, The
Cuba Gooding Jr.;As Good As It Gets
Billy Crudup;Mission: Impossible III
John Wayne;Stagecoach
Sidney Poitier;Patch of Blue, A
Giustino Durano;Vita e bella, La
Michael Caine;Cars 2
Cec Linder;Touch of Class, A
Jason Robards;All the Presidents Men
Red Buttons;They Shoot Horses, Dont They?
Tyrone Power;In Old Chicago
Thomas Mitchell;Gone with the Wind
Hayden Panettiere;Dinosaur
Bruce Willis;Armageddon
Gale Sondergaard;Life of Emile Zola, The
Vivien Leigh;Streetcar Named Desire, A
Francesca Jarvis;Lilies of the Field
Allie Mickelson;Capote
Emma Thompson;Brave
James Dean;East of Eden
Liam Neeson;Clash of the Titans
Sam Neill;Piano, The
Nicholas Farrell;Chariots of Fire
Patricia Arquette;Ed Wood
William Powell;Mister Roberts
Christopher Lloyd;Back to the Future
Carlin Glynn;Trip to Bountiful, The
Michael Berryman;One Flew Over the Cuckoos Nest
Cecil Kellaway;Harvey
Vincent Price;Song of Bernadette, The
Philip Seymour Hoffman;Scent of a Woman
George Kennedy;Airport
Benicio Del Toro;Traffic
Dylan Sprouse;Big Daddy
Adam Sandler;The Longest Yard
Cameron Diaz;Shrek Forever After
Brendan Gleeson;Cold Mountain
Kirsten Dunst;Spider-Man
Richard Benjamin;Sunshine Boys, The
Joe Morton;Terminator 2: Judgment Day
Richard Jaeckel;Come Back, Little Sheba
Meryl Streep;Deer Hunter, The
Geraldine Fitzgerald;Watch on the Rhine
Natalie Portman;Black Swan
Brian Blessed;Tarzan
Peggy Dow;Harvey
Leo Rossi;Accused, The
Robert Pattinson;New Moon
Halle Berry;X2
Gary Cooper;For Whom the Bell Tolls
John McGiver;Midnight Cowboy
Charlize Theron;Monster
Ronny Cox;Beverly Hills Cop
P.J. Johnson;Paper Moon
Montgomery Clift;From Here to Eternity
Robby Benson;Beauty and the Beast
Kevin Costner;Robin Hood: Prince of Thieves
Tim Curry;Rocky Horror Picture Show, The
Harold Russell;Best Years of Our Lives, The
Ben Cross;Chariots of Fire
Mykelti Williamson;Forrest Gump
Arnold Vosloo;Mummy Returns, The
Audrey Hepburn;My Fair Lady
Bob Peck;Jurassic Park
Lauren Bacall;Murder on the Orient Express
Carlo Ninchi;Ciociara, La
Tim Allen;Wild Hogs
Joan Crawford;Mildred Pierce
Raymond J. Barry;Dead Man Walking
Laurence Harvey;BUtterfield 8
Tia Carrere;True Lies
J. Farrell MacDonald;In Old Arizona
Ashley Johnson;What Women Want
Sean Connery;Rock, The
Murray Hamilton;Jaws
Ben Kingsley;Gandhi
Joe Brown;In Old Arizona
Emma Watson;Harry Potter and the Order of the Phoenix
Famke Janssen;X-Men: The Last Stand
Thomas Haden Church;Spider-Man 3
Barbara Baxley;Norma Rae
Giancarlo Giannini;Hannibal
Geoffrey Rush;Pirates of the Caribbean: The Curse of the Black Pearl
Ellen Burstyn;Alice Doesnt Live Here Anymore
Peter OToole;Lawrence of Arabia
Kerry Washington;Ray
Richard Gere;Chicago
Julie Andrews;Sound of Music, The
James Cagney;Mister Roberts
Tim Roth;Planet of the Apes
Elizabeth Taylor;V.I.P.s, The
Sebastian Stan;Captain America: The First Avenger
Peter Sellers;Being There
Jose Lewgoy;Kiss of the Spider Woman
Bing Crosby;Country Girl, The
Katharine Hepburn;The Lion in Winter
Joe Pantoliano;Matrix, The
Tony Sirico;Bullets Over Broadway
Graham Beckel;Paper Chase, The
Gladys Cooper;Rebecca
Eddie Deezen;The Polar Express
Rob Lowe;Austin Powers: The Spy Who Shagged Me
Jon Gries;Taken
Mary Anderson;To Each His Own
Zach Braff;Chicken Little
Alison Doody;Indiana Jones and the Last Crusade
David Schwimmer;Madagascar: Escape 2 Africa
Will Smith;Men in Black II
Billy Green Bush;Alice Doesnt Live Here Anymore
Joan Leslie;Sergeant York
James Cagney;Yankee Doodle Dandy
Michael Strong;Patton
Eunice Cho;Ice Age: Dawn of the Dinosaurs
Barbara Hershey;Hannah and Her Sisters
Wallace Beery;Champ, The
Kerry Walker;Piano, The
Kevin Bacon;Few Good Men, A
Dorothy McGuire;Tree Grows in Brooklyn, A
William Boyd;Two Arabian Knights
Emma Watson;Harry Potter and the Deathly Hallows: Part 1
Jack Black;Kung Fu Panda
Meryl Streep;The Iron Lady
Geoffrey Rush;Shine
Kevin James;Hitch
Mischa Auer;You Cant Take It with You
Vladimir Sokoloff;For Whom the Bell Tolls
Jean Reno;Godzilla
Jeff Bridges;TRON: Legacy
Tom Wilkinson;Michael Clayton
Jeanne Crain;Letter to Three Wives, A
Cameron Diaz;Theres Something About Mary
Chuck Pfeiffer;Wall Street
Alec Baldwin;The Aviator
Jake Gyllenhaal;The Day After Tomorrow
Fred MacMurray;Apartment, The
Lee Evans;Theres Something About Mary
Mila Kunis;Black Swan
Paul Muni;Story of Louis Pasteur, The
Mary Steenburgen;The Proposal
Ingrid Bergman;Cactus Flower
Mickey Rooney;Night at the Museum
Ossie Davis;Dinosaur
Geoffrey Rush;Pirates of the Caribbean: On Stranger Tides
Sissy Spacek;Affliction
Hugh Jackman;X-Men
Derrick OConnor;Lethal Weapon 2
Jessica Lange;Tootsie
Katherine Heigl;Knocked Up
Dustin Hoffman;Kung Fu Panda 2
Richard Harris;Gladiator
George Bancroft;Mr. Deeds Goes to Town
Kevin Spacey;L.A. Confidential
Charles Buddy Rogers;Wings
Robert Wagner;Austin Powers in Goldmember
Ian Holm;Ratatouille
Joe Pantoliano;Fugitive, The
Bill Anderson Jr.;Coal Miners Daughter
Mark Wahlberg;Planet of the Apes
Daniel London;Patch Adams
Dominique Louis;The Incredibles
Prunella Scales;Howards End
James Franco;Spider-Man 3
John Spencer;Rock, The
Vince Vaughn;Wedding Crashers
John Heard;Home Alone
Alexander DArcy;Awful Truth, The
Raymond J. Barry;Born on the Fourth of July
Debra Winger;Officer and a Gentleman, An
Humphrey Bogart;Casablanca
Judith Hoag;Teenage Mutant Ninja Turtles
Robert Duvall;Godfather, The
Emma Watson;Harry Potter and the Goblet of Fire
Jack Palance;City Slickers
Rachel McAdams;Wedding Crashers
Eugene Levy;Bringing Down the House
Lilia Skala;Charly
Kevin J. OConnor;The Mummy
Joanne Dru;All the Kings Men
Justin Braine;Shine
Dabney Coleman;On Golden Pond
Sebastian Cabot;Jungle Book, The
Angelina Jolie;Shark Tale
John Gielgud;Gandhi
Wanda Sykes;Over the Hedge
Jo Van Fleet;East of Eden
Tom Hanks;Toy Story 3
Hiroyuki Sanada;Rush Hour 3
Gary Sinise;Ransom
Jeremy Davies;Saving Private Ryan
Tilda Swinton;Adaptation.
Paul Scofield;Man for All Seasons, A
Sam Neill;Jurassic Park
Alexandra Astin;Lord of the Rings: The Return of the King, The
Lauren Bacall;Key Largo
Phyllis Boyens;Coal Miners Daughter
Billy Burke;The Twilight Saga: Breaking Dawn - Part 1
Kerry Washington;The Last King of Scotland
William Holden;Country Girl, The
Paul J. Lombardi;Fisher King, The
Don Saxon;Subject Was Roses, The
Alison Whelan;My Left Foot
Antonio Banderas;Shrek 2
Joseph Williams;Lion King, The
Karl Malden;Patton
Betsy Blair;Marty
Donald Sutherland;Ordinary People
Penelope Ann Miller;The Artist
Cher;Moonstruck
Giovanni Ribisi;Ted
Dwayne Hickman;Cat Ballou
Barbara Harris;Thousand Clowns, A
Emily Mortimer;Cars 2
Harrison Ford;Indiana Jones and the Last Crusade
Sandy Nelson;Braveheart
Rhys Ifans;The Amazing Spider-Man
Matthew Braden Stringer;There Will Be Blood
Elizabeth Taylor;Place in the Sun, A
Elizabeth Taylor;Whos Afraid of Virginia Woolf?
Jason Davis;Talladega Nights: The Ballad of Ricky Bobby
Mark Wahlberg;The Departed
Clea DuVall;Girl, Interrupted
Arturo de Cordova;For Whom the Bell Tolls
Max von Sydow;Minority Report
Joel McCrea;Come and Get It
Ben Affleck;Armageddon
William H. Macy;Wild Hogs
Rachel McAdams;Sherlock Holmes
Robbie Coltrane;Brave
Chris ODonnell;Batman Forever
Jane Fonda;Julia
William Holden;Bridge on the River Kwai, The
Maureen Lipman;Pianist, The
David Schwimmer;Madagascar 3: Europes Most Wanted
Leonardo DiCaprio;The Aviator
Tommy Lee Jones;No Country for Old Men
Christopher Evan Welch;Vicky Cristina Barcelona
Matt Dillon;Theres Something About Mary
Heather Graham;Austin Powers: The Spy Who Shagged Me
Daniel Radcliffe;Harry Potter and the Goblet of Fire
Fritz Wepper;Cabaret
Owen Wilson;Cars
Chiwetel Ejiofor;2012
Alan Alda;California Suite
Tony Lo Bianco;French Connection, The
Craig T. Nelson;The Incredibles
Olivia Newton-John;Grease
Delroy Lindo;Cider House Rules, The
Michael OKeefe;Michael Clayton
Albert Finney;Erin Brockovich
Dave Foley;A Bugs Life
Richard Gere;Runaway Bride
Philip Baker Hall;Bruce Almighty
Patton Oswalt;Ratatouille
Debra Winger;Terms of Endearment
Philip Seymour Hoffman;Capote
Heather Graham;The Hangover
Lorrie Bess Crumley;Talladega Nights: The Ballad of Ricky Bobby
Roy Scheider;French Connection, The
Gwyneth Paltrow;Shakespeare in Love
Wendy Makkena;Sister Act
Miyoshi Umeki;Sayonara
Cloris Leachman;Last Picture Show, The
Bill Irwin;How the Grinch Stole Christmas
Julie Christie;Shampoo
Gary Oldman;Batman Begins
Ben Stiller;Madagascar: Escape 2 Africa
William Moseley;The Chronicles of Narnia: The Lion, the Witch and the Wardrobe
Mandy Moore;Tangled
Jean Arthur;You Cant Take It with You
Cary Grant;Suspicion
Lauren Bacall;Misery
Garry Shandling;Over the Hedge
Danny Glover;Dreamgirls
Jason Segel;Despicable Me
Fernando Rey;French Connection, The
Sally Field;Mrs. Doubtfire
Denis Leary;The Amazing Spider-Man
Jared Harris;Sherlock Holmes: A Game of Shadows
Jay Baruchel;Million Dollar Baby
Polly Holliday;Gremlins
Tomas Milian;Traffic
Kathleen Comegys;Miracle Worker, The
Thomas Kretschmann;King Kong
Lew Ayres;Johnny Belinda
Leonid Citer;Cast Away
Irene Dunne;Cimarron
Anthony Hopkins;Thor
Bruce Greenwood;I, Robot
Warren Beatty;Reds
Kelly McGillis;Top Gun
Kim Basinger;L.A. Confidential
Rob Schneider;Grown Ups
Eddie Quillan;Mutiny on the Bounty
Linda Fiorentino;Men in Black
Henry Fonda;Grapes of Wrath, The
Jeff Garlin;WALL-E
Jack Nicholson;The Departed
Thomas Ian Nicholas;American Pie 2
Rod Steiger;In the Heat of the Night
Morgan Freeman;Glory
Chloe Sevigny;Boys Dont Cry
Henry Czerny;Mission: Impossible
Charles Fleischer;Who Framed Roger Rabbit
Maureen OHara;Quiet Man, The
Victor Banerjee;Passage to India, A
Ralph Macchio;My Cousin Vinny
Cliff Robertson;Spider-Man
Don Ameche;In Old Chicago
Anthony Hopkins;Silence of the Lambs, The
Robert Downey Jr.;Iron Man 2
Jane Lynch;Alvin and the Chipmunks
Laurence Fishburne;Matrix, The
Al Pacino;Godfather: Part II, The
Julie Andrews;Despicable Me
Megan Fox;Transformers: Revenge of the Fallen
Donald Woods;Anthony Adverse
Mary Astor;Great Lie, The
Rick Moranis;Flintstones, The
Carroll Baker;Big Country, The
Kim Cattrall;Sex and the City
Billy Dee Williams;Star Wars: Episode V - The Empire Strikes Back
Robert Donat;Private Life of Henry VIII., The
Sam Worthington;Avatar
Sacha Baron Cohen;Madagascar
Brendan Fraser;The Mummy
Anita Louise;Story of Louis Pasteur, The
Maya Rudolph;Bridesmaids
Deborah Kerr;From Here to Eternity
Kristen Stewart;The Twilight Saga: Eclipse
Ben Kingsley;Schindlers List
Joanne DiMauro;Mighty Aphrodite
Melissa McCarthy;Bridesmaids
Liv Tyler;Armageddon
James Brown;Going My Way
Al Pacino;Godfather, The
Eddie Collins;Snow White and the Seven Dwarfs
Gregory Peck;Twelve OClock High
Roberts Blossom;Home Alone
Anne Baxter;Razors Edge, The
Eddie Murphy;Beverly Hills Cop II
Cliff Edwards;Sin of Madelon Claudet, The
Cuba Gooding Jr.;Pearl Harbor
Robin Williams;Aladdin
Sam Elliott;Hulk
Ronald Squire;Around the World in Eighty Days
Miiko Taka;Sayonara
Jack Gilford;Cocoon
Tom Cruise;Mission: Impossible - Ghost Protocol
Adrien Brody;King Kong
Ned Beatty;Toy Story 3
Julianne Moore;Hannibal
Katy Jurado;High Noon
Jurgen Prochnow;Beverly Hills Cop II
Mitchell Whitfield;My Cousin Vinny
Ray Anthony;Matrix Reloaded, The
Freddie Bartholomew;Captains Courageous
Topher Grace;Spider-Man 3
Peter Cushing;Star Wars
John Castle;The Lion in Winter
Michael Clarke Duncan;Planet of the Apes
Keira Knightley;Pirates of the Caribbean: At Worlds End
Jennie Linden;Women in Love
Robbie Coltrane;Harry Potter and the Sorcerers Stone
Jack Lemmon;Save the Tiger
Burt Lancaster;Rose Tattoo, The
Oscar Levant;American in Paris, An
Lionel Barrymore;Grand Hotel
Matt Damon;Saving Private Ryan
Michelle Pfeiffer;Batman Returns
Angelina Jolie;Kung Fu Panda
John Travolta;Grease
Rajendranath Zutshi;Slumdog Millionaire
Arnold Vosloo;The Mummy
Carrie Fisher;Star Wars: Episode VI - Return of the Jedi
Michael Saucedo;Traffic
Chris Sanders;Lilo & Stitch
Jacob Stringer;There Will Be Blood
Helen Hayes;Sin of Madelon Claudet, The
Lisa Eilbacher;Beverly Hills Cop
Harrison Ford;Indiana Jones and the Temple of Doom
Woody Allen;Annie Hall
Scarlett Johansson;Iron Man 2
Taylor Lautner;The Twilight Saga: Breaking Dawn - Part 1
Robert De Niro;Shark Tale
Rick Yune;Fast and the Furious, The
Larry The Cable Guy;Cars
Richard Lewis;Leaving Las Vegas
Gordon Jackson;Prime of Miss Jean Brodie, The
George Tobias;Sergeant York
Robert Patrick;Walk the Line
Alessandro Nivola;Jurassic Park III
Helena Bonham Carter;Howards End
Bill Paxton;Apollo 13
Donald Crisp;National Velvet
Paula Patton;Mission: Impossible - Ghost Protocol
Stuart Wilson;Lethal Weapon 3
Wilford Brimley;Tender Mercies
Morgan Freeman;Unforgiven
Michael Palin;Fish Called Wanda, A
Ben Affleck;Good Will Hunting
Donna Reed;From Here to Eternity
Leonard Nimoy;Star Trek
William Prince;Cyrano de Bergerac
Kevin Costner;Dances with Wolves
Brad Garrett;Finding Nemo
Glenn Close;Tarzan
Tom Cruise;Few Good Men, A
Wallace Ford;Patch of Blue, A
Jean Reno;The Da Vinci Code
Ossie Davis;Doctor Dolittle
Tilda Swinton;The Chronicles of Narnia: The Lion, the Witch and the Wardrobe
Henry Fonda;Mister Roberts
Rachel Weisz;The Constant Gardener
Laura San Giacomo;Pretty Woman
Laurence Hanray;Private Life of Henry VIII., The
Bryce Dallas Howard;The Twilight Saga: Eclipse
Cedric Hardwicke;Suspicion
Wesley Addy;Network
Bette Davis;Great Lie, The
Judith Anderson;Rebecca
Ethan Hawke;Training Day
Paul Newman;Hud
Lloyd Nolan;Tree Grows in Brooklyn, A
Danny Huston;The Constant Gardener
Helmut Bakaitis;Matrix Revolutions, The
John Goodman;The Artist
Elisabeth Shue;Leaving Las Vegas
Danny DeVito;Terms of Endearment
Alan Rickman;Harry Potter and the Deathly Hallows: Part 2
Freida Pinto;Slumdog Millionaire
Tommy Lee Jones;Men in Black 3
Melvyn Douglas;Hud
Helen Mirren;The Queen
Michael Douglas;Fatal Attraction
Paul Le Mat;Melvin and Howard
Henry Winkler;Waterboy, The
Shelley Winters;Double Life, A
Goldie Hawn;Cactus Flower
Sean Connery;Untouchables, The
Alex Jennings;The Queen
Jack Hawkins;Bridge on the River Kwai, The
Christian Bale;The Dark Knight Rises
Michael Caine;Hannah and Her Sisters
Mark Ruffalo;The Avengers
Abigail Breslin;Little Miss Sunshine
David Hasselhoff;Click
Richard Roxburgh;Mission: Impossible II
Randy Quaid;Brokeback Mountain
Tim Allen;Toy Story 3
Tyrese Gibson;Transformers
Haya Harareet;Ben-Hur
Ludacris;Fast Five
Barbara ONeil;Gone with the Wind
Ray Milland;Lost Weekend, The
Bryce Dallas Howard;The Help
Cecelia Ann Birt;Oceans Eleven
Chris Klein;American Pie 2
Linda Kozlowski;Crocodile Dundee
Hayden Christensen;Star Wars: Episode III - Revenge of the Sith
Tim Allen;Toy Story
Piper Laurie;Children of a Lesser God
George Burns;Sunshine Boys, The
Shelley Winters;Diary of Anne Frank, The
Richard Attenborough;Lost World: Jurassic Park, The
Betsy Palmer;Mister Roberts
James Stewart;Philadelphia Story, The
Mary Beth Hurt;Affliction
Michael Vavitch;Two Arabian Knights
Michael Kitchen;Out of Africa
Will Smith;Hancock
Javier Bardem;Vicky Cristina Barcelona
Brittany Murphy;Girl, Interrupted
Gabrielle Anwar;Scent of a Woman
Frances Lee McCain;Gremlins
Ray Liotta;Goodfellas
Angelina Jolie;Lara Croft: Tomb Raider
Tom Berenger;Platoon
Melvyn Douglas;Being There
Kirsten Dunst;Spider-Man 2
Skeet Ulrich;As Good As It Gets
Marsha Mason;Goodbye Girl, The
Tom Hanks;Toy Story 2
Gene Hackman;Superman
Richard Beymer;Diary of Anne Frank, The
Mel Gibson;Braveheart
Leonardo DiCaprio;The Departed
Chris Noth;Sex and the City
Joan Greenwood;Tom Jones
Maggie Smith;California Suite
Ed Helms;The Lorax
Nathan Lane;Stuart Little
Marie Dressler;Min and Bill
Helen Hunt;What Women Want
Ben Stiller;Night at the Museum: Battle of the Smithsonian
Lee J. Cobb;Exorcist, The
Jordi Molla;Bad Boys II
Paul Dano;Little Miss Sunshine
John Laurie;Hamlet
Patti LuPone;Driving Miss Daisy
Drew Barrymore;E.T. the Extra-Terrestrial
M.C. Gainey;Tangled
Kevin McDonald;Lilo & Stitch
Ritchie Singer;Crocodile Dundee
John Eldredge;Dangerous
Paul Bettany;Beautiful Mind, A
Miles Mander;Private Life of Henry VIII., The
Loretta Young;Kentucky
John Kassir;Pocahontas
Timothy Spall;Harry Potter and the Goblet of Fire
Peter Ustinov;Topkapi
Mildred Dunnock;BUtterfield 8
Olympia Dukakis;Moonstruck
Gene Hackman;Bonnie and Clyde
Charles Laughton;Spartacus
Hugh Jackman;X-Men: The Last Stand
Daniele Harford;The Constant Gardener
Tim Allen;Santa Clause, The
Raul Julia;Kiss of the Spider Woman
Eric Lloyd;Santa Clause 2, The
Adrien Brody;Pianist, The
John Travolta;Wild Hogs
Jacqueline Bisset;Murder on the Orient Express
Edmund Lowe;In Old Arizona
Anil Kapoor;Slumdog Millionaire
Jim Broadbent;The Iron Lady
Lou Romano;Ratatouille
Jennifer Hudson;Dreamgirls
Ralph Fiennes;The Hurt Locker
Gary Cooper;Sergeant York
William Hurt;Kiss of the Spider Woman
Robert Pattinson;The Twilight Saga: Breaking Dawn - Part 1
Laurence Harvey;Darling
Bill Goodwin;To Each His Own
Don Cheadle;Iron Man 2
Noah Taylor;Lara Croft: Tomb Raider
Victor McLaglen;Quiet Man, The
Humphrey Bogart;Barefoot Contessa, The
Isla Fisher;Wedding Crashers
Irene Rich;Champ, The
Kirk Douglas;Bad and the Beautiful, The
Alice da Cunha;The Iron Lady
Marlon Brando;Sayonara
Deborah Kerr;King and I, The
Anne Bancroft;Miracle Worker, The
Teresa Wright;Mrs. Miniver
Brian Cox;Rise of the Planet of the Apes
Julia Stiles;The Bourne Supremacy
Sally Field;Forrest Gump
David Schwimmer;Madagascar
Lionel Barrymore;You Cant Take It with You
Will Smith;I Am Legend
Dave Sheridan;Scary Movie
Josephine Hutchinson;Story of Louis Pasteur, The
Liam Neeson;Star Wars: Episode I - The Phantom Menace
Will Arnett;Despicable Me
Robert Shaw;Man for All Seasons, A
Burt Lancaster;Elmer Gantry
Hume Cronyn;Cocoon
Burl Ives;East of Eden
John Goodman;Monsters, Inc.
Fanny Brice;Great Ziegfeld, The
Karen Allen;Indiana Jones and the Kingdom of the Crystal Skull
Gene Hackman;French Connection, The
Ronny Cox;Beverly Hills Cop II
Adam Sandler;Anger Management
Raymond Massey;East of Eden
Susan Hayward;I Want to Live!
Queen Latifah;Bringing Down the House
Robert Morley;African Queen, The
Gary Cooper;High Noon
Edmund Gwenn;Anthony Adverse
Marie Dressler;Divine Lady, The
Tilda Swinton;Michael Clayton
Joe Pesci;Lethal Weapon 4
Mary Wickes;Sister Act
Rowan Atkinson;Scooby-Doo
Jennifer Garner;Juno
Leslie Caron;Gigi
Dame May Whitty;Gaslight
Pat Hingle;Norma Rae
Morgan Freeman;Deep Impact
Kevin James;Paul Blart: Mall Cop
Jennifer Connelly;Hulk
Denis Leary;Ice Age
Brawley Nolte;Ransom
Samuel L. Jackson;Star Wars: Episode II - Attack of the Clones
Sylvie Testud;Mome, La
Pierce Brosnan;Mamma Mia!
Demi Moore;Few Good Men, A
Kyle MacLachlan;Flintstones, The
Goran Visnjic;Ice Age
Brad Pitt;Inglourious Basterds
Michelle Rodriguez;Fast & Furious
Dudley Moore;Arthur
Alima Ashton-Sheibu;Matrix Reloaded, The
Hattie McDaniel;Gone with the Wind
Marlon Brando;Superman
Jim Carrey;Bruce Almighty
Ben Barnes;The Chronicles of Narnia: Prince Caspian
Miriam Hopkins;Heiress, The
Nicolas Cage;National Treasure
Kevin Spacey;A Bugs Life
Ed Harris;Apollo 13
Pascal Greggory;Mome, La
Josh Lucas;Hulk
Vincent Cassel;Shrek
Julianne Moore;Hours, The
George Clooney;Perfect Storm, The
Betty Lou Gerson;One Hundred and One Dalmatians
Patrick Stewart;X-Men
Hugo Weaving;Matrix, The
Klaus Maria Brandauer;Out of Africa
John Turturro;The Color of Money
Mike Myers;Austin Powers: The Spy Who Shagged Me
Paul Muni;Life of Emile Zola, The
Anthony Daniels;Star Wars: Episode VI - Return of the Jedi
Jacob Vargas;Traffic
Marcia Gay Harden;Pollock
Jason Robards;Melvin and Howard
Taylor Lautner;The Twilight Saga: Eclipse
Anthony Quinn;Lust for Life
Arnold Schwarzenegger;Terminator 3: Rise of the Machines
Kate Beckinsale;The Aviator
John C. Reilly;Chicago
Clint Eastwood;Unforgiven
Jerry OConnell;Jerry Maguire
Katharine Hepburn;African Queen, The
Kate Winslet;Iris
Vin Diesel;Fast Five
Amy Adams;Night at the Museum: Battle of the Smithsonian
Marton Csokas;XXX
Ethel Barrymore;None But the Lonely Heart
Joan Plowright;Bringing Down the House
Robert Patrick;Terminator 2: Judgment Day
John C. McGinley;Wall Street
Marjorie Rambeau;Min and Bill
Heath Ledger;Monsters Ball
Halle Berry;Die Another Day
Kelci Stephenson;Capote
James Coburn;Affliction
Gene Hackman;Firm, The
Verna Bloom;Animal House
Elizabeth Taylor;Giant
Zac Efron;The Lorax
Robert De Niro;Goodfellas
Rosemary Harris;Spider-Man 2
Sean Astin;Lord of the Rings: The Return of the King, The
Josh Peck;Ice Age: The Meltdown
Renee Zellweger;Shark Tale
Billy Bob Thornton;Monsters Ball
Ward Bond;Quiet Man, The
Anthony Hopkins;The Lion in Winter
Martin Balsam;Murder on the Orient Express
Cate Blanchett;Indiana Jones and the Kingdom of the Crystal Skull
Jason Robards;Julia
Irene Papas;Alexis Zorbas
James Rebhorn;Scent of a Woman
Lombardo Boyar;Happy Feet
Fredric March;Best Years of Our Lives, The
Michael Chiklis;Fantastic Four
Helen Hayes;Airport
Robert Littman;Rush Hour
Vincent Gardenia;Moonstruck
Karen Finley;Philadelphia
Cate Blanchett;Lord of the Rings: The Fellowship of the Ring, The
Myrna Loy;Great Ziegfeld, The
Hartley Power;Roman Holiday
Roscoe Ates;Champ, The
Taylor Swift;The Lorax
Everett Sloane;Lust for Life
Justin Chatwin;War of the Worlds
Estelle Parsons;Bonnie and Clyde
Eleanor Bron;Women in Love
Seth Rogen;Monsters vs Aliens
Nikki Reed;Twilight
Sylvia Miles;Midnight Cowboy
Elizabeth Cheshire;Melvin and Howard
Isa Crino;Lilies of the Field
Yvan Attal;Rush Hour 3
Georgie Henley;The Chronicles of Narnia: Prince Caspian
Donald Crisp;How Green Was My Valley
Anne Baxter;All About Eve
Burt Lancaster;Judgment at Nuremberg
Joe Mantell;Marty
Matthew Broderick;Lion King, The
Greer Garson;Mrs. Miniver
Robert Morley;Around the World in Eighty Days
Mary Astor;Two Arabian Knights
Hugh Griffith;Tom Jones
Ian McShane;Kung Fu Panda
Kevin Bacon;Apollo 13
Katharine Hepburn;On Golden Pond
Edward Herrmann;Reds
Tom Cruise;The Color of Money
Jay Baruchel;How to Train Your Dragon
Talia Shire;Rocky
George Clooney;Oceans Eleven
Sigourney Weaver;Avatar
Josh Duhamel;Transformers: Dark of the Moon
Christopher Jones;Ryans Daughter
Dougray Scott;Mission: Impossible II
Caroline Kava;Born on the Fourth of July
Robin Williams;Patch Adams
Chris Haywood;Shine
Joseph Gordon-Levitt;The Dark Knight Rises
Louis Prima;Jungle Book, The
Clint Eastwood;Gran Torino
Saunders Triplets;Harry Potter and the Sorcerers Stone
Jean-Paul Rouve;Mome, La
Alfred Molina;Spider-Man 2
Paul L. Nolan;Oceans Eleven
Rod Steiger;On the Waterfront
Wendy Hiller;Separate Tables
Philip Seymour Hoffman;Patch Adams
Parker Posey;Superman Returns
Fred Gwynne;My Cousin Vinny
Ann Rutherford;Gone with the Wind
John Travolta;Saturday Night Fever
Paul Sorvino;Touch of Class, A
Dorothy Lamour;Greatest Show on Earth, The
Diane Keaton;Reds
Jennifer Connelly;Beautiful Mind, A
Helena Bonham Carter;Alice in Wonderland
Humphrey Bogart;Treasure of the Sierra Madre, The
Kevin Dunn;Godzilla
John Hannah;Mummy Returns, The
Josh Brolin;Men in Black 3
Jean Dujardin;The Artist
Karen Disher;Ice Age: Dawn of the Dinosaurs
Mercedes McCambridge;All the Kings Men
Faye Dunaway;Network
Helmut Griem;Cabaret
Whoopi Goldberg;Ghost
Ruocheng Ying;Last Emperor, The
David Forman;Teenage Mutant Ninja Turtles
Dina Merrill;BUtterfield 8
Walter Brennan;Westerner, The
Claire Bloom;Charly
Bill Cobbs;Night at the Museum
Robert De Niro;Godfather: Part II, The
Brian Cox;Troy
Johnny Depp;Alice in Wonderland
Patrick Stewart;X2
Cary Grant;Philadelphia Story, The
Michael York;Cabaret
Keira Knightley;Pirates of the Caribbean: Dead Mans Chest
J.D. Cannon;Cool Hand Luke
Tom Hanks;The Polar Express
Joel Grey;Cabaret
Chris Tucker;Rush Hour 3
Mel Gibson;Lethal Weapon 2
Ian McKellen;X2
Nicolas Cage;Moonstruck
Elizabeth Mitchell;Santa Clause 2, The
Millard Mitchell;Twelve OClock High
Katharine Hepburn;Philadelphia Story, The
John Megna;To Kill a Mockingbird
Hugh Laurie;Stuart Little
Donald Crisp;Jezebel
Richard Attenborough;Jurassic Park
Danny Aiello;Moonstruck
Richard Schiff;Doctor Dolittle
Kevin McNally;Pirates of the Caribbean: On Stranger Tides
Michelle Rodriguez;Avatar
Roland Curram;Darling
Ray Romano;Ice Age: The Meltdown
Barton MacLane;Treasure of the Sierra Madre, The
Tom Hardy;The Dark Knight Rises
Derek Jacobi;The Kings Speech
Tommy Lee Jones;Batman Forever
Jeff Bridges;True Grit
Eddie Murphy;Shrek the Third
Harcourt Williams;Hamlet
Jaimz Woolvett;Unforgiven
Peggy Ashcroft;Passage to India, A
Frank Darien;Bad Girl
Willem Dafoe;Finding Nemo
Ellie Kemper;Bridesmaids
Dallas Roberts;Walk the Line
Mark Hamill;Star Wars: Episode V - The Empire Strikes Back
Georgie Henley;The Chronicles of Narnia: The Lion, the Witch and the Wardrobe
Lisa Mann;Lilies of the Field
John Gielgud;Arthur
Charley Grapewin;Good Earth, The
Eleanor Parker;Sound of Music, The
Bette Davis;Jezebel
George Brent;Great Lie, The
Richard Harris;Harry Potter and the Sorcerers Stone
Pierce Brosnan;Die Another Day
Anthony Quinn;Alexis Zorbas
Monica Bellucci;Passion of the Christ, The
Barry Pearl;Grease
Tom Hanks;Forrest Gump
Juliette Binoche;English Patient, The
Delroy Lindo;Ransom
Andy Devine;Stagecoach
Richard Griffiths;Harry Potter and the Prisoner of Azkaban
Ving Rhames;Mission: Impossible III
Adam Sandler;Click
Cuba Gooding Jr.;Jerry Maguire
Michael Caine;The Dark Knight
Wendy Hiller;Man for All Seasons, A
Brendan Sexton III;Boys Dont Cry
Luise Rainer;Great Ziegfeld, The
Gary Sinise;Apollo 13
Martin Lawrence;Bad Boys II
Paul Benedict;Goodbye Girl, The
Tim Robbins;War of the Worlds
Martin Lawrence;Wild Hogs
Linda Larkin;Aladdin
Gillian Anderson;The Last King of Scotland
H.B. Warner;Divine Lady, The
Vivien Leigh;Gone with the Wind
Steve Carell;Over the Hedge
Anita Page;Broadway Melody, The
Jack Nicholson;Reds
Tom Arnold;True Lies
Rita Moreno;King and I, The
James Franco;Rise of the Planet of the Apes
Ziyi Zhang;Rush Hour 2
Ralph Fiennes;English Patient, The
Clifton Powell;Ray
Frances Farmer;Come and Get It
Sissy Spacek;Coal Miners Daughter
Rock Hudson;Giant
Jean Arthur;More the Merrier, The
Samuel L. Jackson;Star Wars: Episode III - Revenge of the Sith
Jada Pinkett Smith;Madagascar 3: Europes Most Wanted
Bryan Larkin;Born on the Fourth of July
Patricia Quinn;Rocky Horror Picture Show, The
Vanessa Redgrave;Deep Impact
George De La Pena;Mighty Aphrodite
Warren Beatty;Shampoo
Carol Kane;Annie Hall
Mia Bendixsen;Alice Doesnt Live Here Anymore
Shirley Booth;Come Back, Little Sheba
Heather Angel;Informer, The
Scarlett Johansson;Vicky Cristina Barcelona
Chris Tucker;Rush Hour 2
Peter Brocco;One Flew Over the Cuckoos Nest
Jon Voight;Midnight Cowboy
Andy Garcia;Untouchables, The
Deborah Kerr;Separate Tables
Henry Hull;Boys Town
Marisa Pavan;Rose Tattoo, The
Thandie Newton;Mission: Impossible II
Joaquin Phoenix;Gladiator
Rose Byrne;Bridesmaids
Kevin Pollak;Usual Suspects, The
Anne Archer;Fatal Attraction
Zach Galifianakis;The Hangover Part II
Charles Bickford;Farmers Daughter, The
Don Rickles;Toy Story 3
Angela Lansbury;National Velvet
Dean Martin;Airport
Miranda Richardson;Hours, The
Robert Loggia;Officer and a Gentleman, An
Geena Davis;Accidental Tourist, The
Joan Chen;Last Emperor, The
Bruce Greenwood;Star Trek
Cate Bauer;One Hundred and One Dalmatians
Megan Fox;Transformers
Anthony Hopkins;Hannibal
Vincent DOnofrio;Men in Black
Elizabeth Hartman;Patch of Blue, A
Kai Lennox;Beginners
Nicoletta Braschi;Vita e bella, La
Anna Popplewell;The Chronicles of Narnia: Prince Caspian
Robert Pattinson;The Twilight Saga: Eclipse
Willard Robertson;Skippy
Barry Miller;Saturday Night Fever
Maureen OHara;How Green Was My Valley
Mary Alice;Matrix Revolutions, The
Mel Gibson;Pocahontas
Steven Weber;Leaving Las Vegas
Mary Elizabeth Mastrantonio;Robin Hood: Prince of Thieves
Anna Popplewell;The Chronicles of Narnia: The Lion, the Witch and the Wardrobe
Laurence Olivier;Rebecca
Andy Devine;In Old Chicago
Adriana Caselotti;Snow White and the Seven Dwarfs
Richard Burton;Whos Afraid of Virginia Woolf?
Joseph Fiennes;Shakespeare in Love
Tom Felton;Rise of the Planet of the Apes
Edmund Gwenn;Miracle on 34th Street
Don Knotts;Chicken Little
Robert Strauss;Stalag 17
David Cross;Alvin and the Chipmunks: The Squeakquel
Jack Warden;Bullets Over Broadway
Elsa Martinelli;V.I.P.s, The
Floyd Red Crow Westerman;Dances with Wolves
Trevor Morgan;Jurassic Park III
Richard Greene;Kentucky
Marisa Tomei;Anger Management
Phillip Alford;To Kill a Mockingbird
Monica Potter;Patch Adams
Ellen Page;Juno
Gloria Grahame;Bad and the Beautiful, The
Diane Lane;Perfect Storm, The
Roberta Maxwell;Philadelphia
Jodie Foster;Accused, The
Kirstie Alley;Look Whos Talking
Gerard Butler;How to Train Your Dragon
Joe Pesci;My Cousin Vinny
Tom Hanks;Green Mile, The
Walter Pidgeon;How Green Was My Valley
Sally Field;Norma Rae
Fiona Shaw;Harry Potter and the Chamber of Secrets
Pam Ferris;Harry Potter and the Prisoner of Azkaban
Nigel Havers;Chariots of Fire
Richard Davalos;East of Eden
Peggy Wood;Sound of Music, The
Ioan Gruffudd;Fantastic Four
Jim Broadbent;Iris
John Cusack;Bullets Over Broadway
Luise Rainer;Good Earth, The
Hal Holbrook;All the Presidents Men
Corinne Griffith;Divine Lady, The
Keefe Brasselle;Place in the Sun, A
Josh Pais;Teenage Mutant Ninja Turtles
Arthur Kennedy;Elmer Gantry
Robert Mitchum;Ryans Daughter
Chip Taylor;Melvin and Howard
Harrison Ford;Star Wars: Episode V - The Empire Strikes Back
Karl Malden;Streetcar Named Desire, A
Shirley MacLaine;Terms of Endearment
Valerie Planche;Brokeback Mountain
Robert Redford;All the Presidents Men
Justin Bartha;The Hangover Part II
Gary Merrill;All About Eve
Jayma Mays;Paul Blart: Mall Cop
John Payne;Razors Edge, The
Chris Rock;Madagascar
Michelle Rodriguez;Fast and the Furious, The
Hank Azaria;Night at the Museum: Battle of the Smithsonian
Doug McKeon;On Golden Pond
Michael Fassbender;Inglourious Basterds
Mischa Barton;Sixth Sense, The
Rupert Grint;Harry Potter and the Order of the Phoenix
Henry Thomas;E.T. the Extra-Terrestrial
Liam Neeson;Schindlers List
Harrison Ford;Indiana Jones and the Kingdom of the Crystal Skull
Angelina Jolie;Kung Fu Panda 2
David Wenham;300
Tim Robbins;Mystic River
Tom Hulce;Amadeus
Diane Kruger;National Treasure
MacInTalk;WALL-E
Adam Bryant;Fisher King, The
Jennifer Aniston;Bruce Almighty
Stuart Pankin;Fatal Attraction
Doris Dowling;Lost Weekend, The
Margaret Lindsay;Jezebel
Cantinflas;Around the World in Eighty Days
Jack Nicholson;As Good As It Gets
Allison Gompf;Children of a Lesser God
Rebecca Hall;Vicky Cristina Barcelona
Karen Allen;Perfect Storm, The
Frank Sinatra;From Here to Eternity
Herbert Mundin;Cavalcade
Frank Otto;Born Yesterday
Ruth White;Charly
Julian McMahon;Fantastic Four
Bette Davis;Watch on the Rhine
Glenn Close;Air Force One
Walter Connolly;It Happened One Night
Paul Sanchez;Cast Away
Ed Harris;Pollock
Jami Gertz;Twister
Morgan Freeman;Bruce Almighty
Dustin Hoffman;Meet the Fockers
Anthony Quayle;Hamlet
David Andrews;Terminator 3: Rise of the Machines
Emile Hirsch;Milk
Lena Headey;300
Glenda Jackson;Touch of Class, A
Nicole Kidman;Hours, The
Charlize Theron;Cider House Rules, The
James Caan;Godfather, The
Olivia Wilde;TRON: Legacy
Tom Cruise;Minority Report
Lynn Collins;X-Men Origins: Wolverine
James Marsden;X-Men
Nick Stahl;Terminator 3: Rise of the Machines
Oliver Reed;Women in Love
Arnold Schwarzenegger;Terminator 2: Judgment Day
Jason Bateman;Hancock
Joseph Gordon-Levitt;Inception
Jake Johnson;Talladega Nights: The Ballad of Ricky Bobby
Roberto Benigni;Vita e bella, La
Samuel L. Jackson;XXX
John St. Polis;Coquette
Phyllis Diller;A Bugs Life
Paul Fix;Bad Girl
Shannon Elizabeth;American Pie 2
Brian Geraghty;The Hurt Locker
Grace Kelly;Country Girl, The
James Gleason;Tree Grows in Brooklyn, A
Louise Fletcher;One Flew Over the Cuckoos Nest
Joan Fontaine;Rebecca
Kelly Macdonald;Brave
Madeline Kahn;Paper Moon
Vin Diesel;Fast & Furious
Eric Sykes;Harry Potter and the Goblet of Fire
Jack Lemmon;Fortune Cookie, The
Bill Nighy;Pirates of the Caribbean: Dead Mans Chest
Joanna Cassidy;Who Framed Roger Rabbit
Joseph Schildkraut;Diary of Anne Frank, The
Esther Minciotti;Marty
Alice Faye;In Old Chicago
Michelle Pfeiffer;What Lies Beneath
Don Dillaway;Min and Bill
Diana Wynyard;Cavalcade
Dan Aykroyd;Driving Miss Daisy
Tyrese Gibson;Transformers: Dark of the Moon
Will Patton;Armageddon
James Karen;The Pursuit of Happyness
Heather Sears;Room at the Top
Lee Marvin;Cat Ballou
John Hillerman;Paper Moon
Rory Culkin;Signs
Lisa Daniels;One Hundred and One Dalmatians
Tom Welling;Cheaper by the Dozen
Matt Moore;Coquette
James Dunn;Bad Girl
Richard Gere;Pretty Woman
K Callan;Touch of Class, A
Gemma Arterton;Clash of the Titans
John Belushi;Animal House
John Cusack;2012
Robert De Niro;Deer Hunter, The
Peter Stormare;Fargo
Val Kilmer;Top Gun
Josh Brolin;True Grit
George Chakiris;West Side Story
Tom Cruise;War of the Worlds
Andrea Checchi;Ciociara, La
William Fichtner;Perfect Storm, The
Gloria Grahame;Greatest Show on Earth, The
Amber Valletta;Hitch
Judge Reinhold;Beverly Hills Cop II
Jessica Tandy;Driving Miss Daisy
John Wayne;True Grit
Eva Marie Saint;On the Waterfront
Minna Gombell;Bad Girl
Michael Keaton;Batman Returns
Blythe Danner;Meet the Fockers
Amy Sedaris;Chicken Little
Eric Bana;Star Trek
Ted Danson;Three Men and a Baby
Timothy Bottoms;Last Picture Show, The
Beau Bridges;Norma Rae
John Carradine;Grapes of Wrath, The
Michael Douglas;Wall Street
Katie Holmes;Batman Begins
Joe Morton;What Lies Beneath
Heath Ledger;The Dark Knight
Jack Davenport;Pirates of the Caribbean: The Curse of the Black Pearl
Sean Connery;Indiana Jones and the Last Crusade
Jane Fonda;California Suite
Domingo Landicho;Year of Living Dangerously, The
Greta Garbo;Grand Hotel
Richard Griffiths;Harry Potter and the Chamber of Secrets
Robert Morley;Topkapi
Tom Berenger;Training Day
Montgomery Clift;Place in the Sun, A
Harrison Ford;Fugitive, The
Danny Huston;X-Men Origins: Wolverine
Mary Gibbs;Monsters, Inc.
Grace Kelly;High Noon
Tom Selleck;Three Men and a Baby
Anne Hathaway;The Dark Knight Rises
Sandra Bullock;Crash
Raymond Serra;Teenage Mutant Ninja Turtles
Joseph Wiseman;Viva Zapata!
Jack Davenport;Pirates of the Caribbean: Dead Mans Chest
El Brendel;Wings
Peter Ustinov;Spartacus
James Cromwell;The Artist
Mike Myers;Shrek Forever After
Michael Clarke Duncan;Green Mile, The
Roy Scheider;Jaws
Will Smith;Men in Black 3
Jackie Searl;Skippy
Vanessa Redgrave;Julia
Mark Strong;Sherlock Holmes
Barry Sullivan;Bad and the Beautiful, The
Andrew Prine;Miracle Worker, The
Ian Charleson;Chariots of Fire
Bill Murray;Ghostbusters
Ed Harris;Rock, The
Walter Matthau;Sunshine Boys, The
Kirsten Sheridan;My Left Foot
Zachary Levi;Alvin and the Chipmunks: The Squeakquel
Vanessa Brown;Heiress, The
Jada Pinkett Smith;Madagascar
Daniel Radcliffe;Harry Potter and the Deathly Hallows: Part 1
Jack Carson;Mildred Pierce
Audrey Tautou;The Da Vinci Code
Craig Archibald;Capote
Vincent Cassel;Black Swan
Margaret Colin;Three Men and a Baby
Mike Myers;Shrek
Lionel Barrymore;Free Soul, A
Joseph Cali;Saturday Night Fever
Cole Sprouse;Big Daddy
Lewis Stone;Sin of Madelon Claudet, The
Gene Hackman;Unforgiven
Charles Coburn;More the Merrier, The
Samuel L. Jackson;The Incredibles
Kate Beahan;Matrix Revolutions, The
Mary Duncan;Morning Glory
James Cromwell;The Queen
Adam Brody;Mr. & Mrs. Smith
Burt Young;Rocky
Kirk Douglas;Lust for Life
Joe Pesci;Raging Bull
Emma Stone;The Help
Ian McKellen;X-Men: The Last Stand
Jane Wyman;Johnny Belinda
Joely Richardson;101 Dalmatians
Jeremy Irons;Reversal of Fortune
Shia LaBeouf;Transformers: Revenge of the Fallen
Phillip Terry;To Each His Own
Peter Bull;African Queen, The
Josh Brolin;No Country for Old Men
Barbara Hershey;Black Swan
Regina King;Ray
Liza Minnelli;Arthur
Walter Pidgeon;Mrs. Miniver
Jerzy Kosinski;Reds
Jeremy Renner;The Hurt Locker
Joel McCrea;More the Merrier, The
Robert Redford;Sting, The
Jackie Chan;Kung Fu Panda 2
Jeff Goldblum;Lost World: Jurassic Park, The
Douglas Fairbanks Jr.;Morning Glory
Jack Gilford;Save the Tiger
Caroline Goodall;Schindlers List
Philip Seymour Hoffman;Mission: Impossible III
Robert Downey Jr.;Iron Man
Matt Frewer;Honey, I Shrunk the Kids
Dame May Whitty;Suspicion
Andy Arness;Matrix Reloaded, The
C. Aubrey Smith;Morning Glory
Lindsay Crouse;Places in the Heart
Valentina Cortese;Barefoot Contessa, The
Renee Zellweger;Jerry Maguire
Hugh Laurie;Monsters vs Aliens
Philip Bosco;Children of a Lesser God
Joe Pesci;Lethal Weapon 3
Michael Constantine;My Big Fat Greek Wedding
Gregory Peck;Big Country, The
Albert Finney;Tom Jones
Dan Castellaneta;The Simpsons Movie
Jeff Daniels;Terms of Endearment
Tom Cruise;Mission: Impossible
Sam Worthington;Clash of the Titans
Macaulay Culkin;Home Alone
Meryl Streep;Adaptation.
Judi Dench;Quantum of Solace
Michael McCleery;Harry and Tonto
Mary Steenburgen;Elf
Billy Zane;Titanic
Luis Guzman;Anger Management
Gene Lockhart;Miracle on 34th Street
Chris Hemsworth;The Avengers
Mike Myers;Austin Powers in Goldmember
Colin Firth;The Kings Speech
Geena Davis;Stuart Little
Uta Hagen;Reversal of Fortune
Gladys Cooper;My Fair Lady
Arnold Moss;Viva Zapata!
Paul Henreid;Goodbye, Mr. Chips
Jordan Nagai;Up
Jeffrey Wright;Syriana
Ted Levine;Silence of the Lambs, The
Thomas Wilson Brown;Honey, I Shrunk the Kids
Benicio Del Toro;Usual Suspects, The
Levon Helm;Coal Miners Daughter
Quinn Cummings;Goodbye Girl, The
Patricia Neal;Hud
Lionel Barrymore;Key Largo
Joseph Schildkraut;Life of Emile Zola, The
Shirley Jones;Elmer Gantry
Ving Rhames;Mission: Impossible II
Richard Crenna;Rambo: First Blood Part II
Ralph Fiennes;The Constant Gardener
Justin Bartha;National Treasure: Book of Secrets
Taraji P. Henson;The Karate Kid
Dennis Quaid;The Day After Tomorrow
Leonardo DiCaprio;Inception
Sean Penn;Milk
Ray Collins;Double Life, A
Victor Varconi;Divine Lady, The
Guy Pearce;L.A. Confidential
Billy Burke;Twilight
Michael York;Austin Powers in Goldmember
Kayvan Novak;Syriana
Donald Crisp;Life of Emile Zola, The
Michael Nyqvist;Mission: Impossible - Ghost Protocol
Celeste Holm;All About Eve
Phil Harris;Jungle Book, The
Bing Crosby;Going My Way
Francesco Quinn;Platoon
Tony Goldwyn;Ghost
Robert Sterling;Johnny Eager
Ian Keith;Divine Lady, The
Jackie Chan;Kung Fu Panda
Rodney A. Grant;Dances with Wolves
Rupert Grint;Harry Potter and the Deathly Hallows: Part 2
Fritz Leiber;Story of Louis Pasteur, The
Helen Shaver;The Color of Money
Kitty Winn;Exorcist, The
Nancy Cartwright;The Simpsons Movie
Broderick Crawford;Born Yesterday
Jill Eikenberry;Arthur
Amr Waked;Syriana
Owen Wilson;Night at the Museum: Battle of the Smithsonian
Bob Griffin;Blair Witch Project, The
Johnny A. Sanchez;Happy Feet
Louis Jourdan;V.I.P.s, The
Allison Janney;Juno
Polly Holliday;Mrs. Doubtfire
Julian Glover;Troy
Donald Woods;Story of Louis Pasteur, The
Virginia Mayo;Best Years of Our Lives, The
Zoe Saldana;Avatar
Colin Firth;Mamma Mia!
Nicolas Cage;Adaptation.
Dakota Fanning;War of the Worlds
Lee Grant;In the Heat of the Night
Jim King;Blair Witch Project, The
Julie Kavner;The Simpsons Movie
Marlee Matlin;Children of a Lesser God
Inga Swenson;Miracle Worker, The
Joaquin Phoenix;Walk the Line
Ginger Rogers;Kitty Foyle: The Natural History of a Woman
Harry Secombe;Oliver!
Nicholas Soussanin;Last Command, The
Woody Harrelson;No Country for Old Men
Nelly;The Longest Yard
Gary Merrill;Twelve OClock High
Jane Darwell;Grapes of Wrath, The
Louis Gossett Jr.;Officer and a Gentleman, An
Evelyn Keyes;Gone with the Wind
Alec Guinness;Lawrence of Arabia
Bob Gunton;Patch Adams
John Corbett;My Big Fat Greek Wedding
Anne Revere;National Velvet
Hugh Bonneville;Iris
Philip Seymour Hoffman;Twister
David Butler;Seventh Heaven
James Cosmo;Braveheart
Mary Tyler Moore;Ordinary People
Josh Duhamel;Transformers: Revenge of the Fallen
Paul Walker;Fast Five
Kevin Spacey;Superman Returns
Robert De Niro;Meet the Parents
Abe Vigoda;Look Whos Talking
Taylor Simpson;Monsters Ball
Gene Kelly;American in Paris, An
Harold Ramis;Ghostbusters
Millie Perkins;Diary of Anne Frank, The
Tim Allen;Santa Clause 2, The
Martin Sheen;Subject Was Roses, The
Christopher Walken;Batman Returns
Stuart Buchanan;Snow White and the Seven Dwarfs
Matthew Broderick;Glory
Jennifer Connelly;Pollock
Adam Sandler;Big Daddy
Kate Capshaw;Indiana Jones and the Temple of Doom
Paul Michael Glaser;Butterflies Are Free
Diana Scarwid;What Lies Beneath
Robert MacNaughton;E.T. the Extra-Terrestrial
Robert Duvall;Tender Mercies
Michael Irvin;The Longest Yard
Claire Danes;Terminator 3: Rise of the Machines
Robert Carradine;Coming Home
Murray Hamilton;Graduate, The
Ron Perlman;Tangled
Helena Bonham Carter;Charlie and the Chocolate Factory
Judge Reinhold;Santa Clause 2, The
Terry Kinney;Firm, The
Nigel Terry;The Lion in Winter
Sylvia Syms;The Queen
Chris ODonnell;Scent of a Woman
Dee Wallace-Stone;E.T. the Extra-Terrestrial
Will i Am;X-Men Origins: Wolverine
Zachary Scott;Mildred Pierce
Beyonce Knowles;Austin Powers in Goldmember
Anthony Daniels;Star Wars: Episode V - The Empire Strikes Back
Sonia Braga;Kiss of the Spider Woman
John Meillon;Crocodile Dundee
Larry The Cable Guy;Cars 2
Paula Patton;Precious: Based on the Novel Push by Sapphire
Sydney Pollack;Michael Clayton
Judi Dench;Casino Royale
Christopher Walken;Wedding Crashers
Bessie Love;Broadway Melody, The
Melvyn Douglas;Captains Courageous
Robert Donat;Goodbye, Mr. Chips
Anthony Heald;Silence of the Lambs, The
David Ogden Stiers;Pocahontas
Richard Haydn;Sound of Music, The
Joaquin Phoenix;Signs
Daniel Craig;Lara Croft: Tomb Raider
Orlando Bloom;Pirates of the Caribbean: Dead Mans Chest
Leon Janney;Charly
Eve Arden;Mildred Pierce
Melina Mercouri;Topkapi
Barbra Streisand;Funny Girl
Ben Johnson;Last Picture Show, The
Mary Elizabeth Mastrantonio;The Color of Money
Berenice Bejo;The Artist
Montgomery Clift;Heiress, The
William H. Macy;Fargo
Charles Bickford;Johnny Belinda
Stephen Lang;Avatar
Kevin Costner;Untouchables, The
Rene Ceballos;Mighty Aphrodite
Susanne Lothar;The Reader
David Ogden Stiers;Accidental Tourist, The
Sean Astin;Lord of the Rings: The Fellowship of the Ring, The
Donald Houston;Room at the Top
Barry Fitzgerald;Going My Way
Alan Alda;What Women Want
James Remar;What Lies Beneath
Patrick Stewart;X-Men: The Last Stand
Ronald Colman;Double Life, A
Adam Sandler;Grown Ups
Elizabeth Taylor;BUtterfield 8
Sandra Bullock;The Blind Side
Ellen Page;Inception
Haley Joel Osment;Sixth Sense, The
Nick Nolte;Affliction
Dorris Bowdon;Grapes of Wrath, The
Leslie Howard;Free Soul, A
Christian Bale;The Dark Knight
Emma Watson;Harry Potter and the Deathly Hallows: Part 2
Red Buttons;Sayonara
Orlando Bloom;Pirates of the Caribbean: The Curse of the Black Pearl
Cary Grant;None But the Lonely Heart
Michael Warren;Butterflies Are Free
Maia Morgenstern;Passion of the Christ, The
Beatrice Straight;Network
George Sanders;Jungle Book, The
Francine Bell;Matrix Revolutions, The
Clark Gable;Mutiny on the Bounty
Gary Oldman;Kung Fu Panda 2
Wallace Beery;Grand Hotel
Jamie Foxx;Dreamgirls
Amanda Peet;2012
Jack Black;King Kong
John Heard;Trip to Bountiful, The
Craig Ferguson;How to Train Your Dragon
Betty Hutton;Greatest Show on Earth, The
Josh Duhamel;Transformers
Jane Lynch;Talladega Nights: The Ballad of Ricky Bobby
Burgess Meredith;Rocky
Joel McHale;Ted
Tommy Lee Jones;Captain America: The First Avenger
James Donald;Lust for Life
Michael Sarrazin;They Shoot Horses, Dont They?
Gary Oldman;The Dark Knight Rises
Salli Richardson;I Am Legend
Alec Guinness;Passage to India, A
John Vernon;Animal House
Ellen Burstyn;Exorcist, The
Will Smith;Shark Tale
Christopher Walken;Deer Hunter, The
Conrad Veidt;Casablanca
James Marsden;Superman Returns
Joe Pesci;Home Alone
Freida Pinto;Rise of the Planet of the Apes
Jason Fricchione;Ice Age: Dawn of the Dinosaurs
Jerry Reed;Waterboy, The
Ian McKellen;The Da Vinci Code
Anne Hathaway;Alice in Wonderland
Hugh Marlowe;Twelve OClock High
Don Ameche;Cocoon
Ralph Bellamy;Awful Truth, The
Anna Paquin;Piano, The
Scott Glenn;Silence of the Lambs, The
Broderick Crawford;All the Kings Men
Jae Head;Hancock
Roland Culver;To Each His Own
Gene Reynolds;Boys Town
Dorothy McGuire;Gentlemans Agreement
Gale Sondergaard;Anthony Adverse
Christian Slater;Robin Hood: Prince of Thieves
Shani Wallis;Oliver!
Jason Lee;Alvin and the Chipmunks
Richard Farnsworth;Misery
Tim Matheson;Animal House
Matthew Broderick;Godzilla
Mila Kunis;Ted
Sylvester Stallone;Rocky
Nat King Cole;Cat Ballou
Liesel Matthews;Air Force One
Jon Voight;Coming Home
Demi Moore;Ghost
Eddie Murphy;Shrek 2
Hugo Weaving;Captain America: The First Avenger
Terry Saunders;King and I, The
Ashley Greene;Twilight
Hayley Atwell;Captain America: The First Avenger
Robert Downey Jr.;Sherlock Holmes
Lainie Kazan;My Big Fat Greek Wedding
James Donald;Bridge on the River Kwai, The
Shirley MacLaine;Apartment, The
Tea Leoni;Deep Impact
Amy Madigan;Places in the Heart
Ralph Richardson;Heiress, The
Piper Perabo;Cheaper by the Dozen
Tommy Lee Jones;Fugitive, The
Jane Fonda;Cat Ballou
Leonardo DiCaprio;Titanic
Jim Carrey;Liar Liar
Geoffrey Rush;Pirates of the Caribbean: At Worlds End
Sean Lawlor;Braveheart
Bob Hoskins;Who Framed Roger Rabbit
Bruce Willis;Over the Hedge
Richard Gaines;More the Merrier, The
Sterling Holloway;Jungle Book, The
Jude Law;Sherlock Holmes: A Game of Shadows
Sacha Baron Cohen;Madagascar 3: Europes Most Wanted
Marisa Tomei;What Women Want
Burt Lancaster;Come Back, Little Sheba
Paul Rudd;Cider House Rules, The
Charles Laughton;Private Life of Henry VIII., The
Rene Russo;Lethal Weapon 4
Charley Grapewin;Grapes of Wrath, The
Jae Head;The Blind Side
Charlton Heston;Big Country, The
Wallace Shawn;Toy Story
Betty White;The Proposal
Jess Hahn;Topkapi
Maximilian Schell;Julia
Jean Simmons;Spartacus
Timothy Bottoms;Paper Chase, The
Tobey Maguire;Spider-Man 2
Jack Murdock;Rain Man
Kay Medford;Funny Girl
Daniel Day-Lewis;My Left Foot
Fay Bainter;Jezebel
John Ortiz;Fast & Furious
Spencer Tracy;Boys Town
Ron Leibman;Norma Rae
Anthony Mackie;The Hurt Locker
Bill Pullman;Independence Day
Jason Flemyng;Clash of the Titans
Roshan Seth;Indiana Jones and the Temple of Doom
Richard Dix;Cimarron
Brenda Fricker;My Left Foot
Marlon Brando;On the Waterfront
Viggo Mortensen;Lord of the Rings: The Two Towers, The
Ivan Dixon;Patch of Blue, A
Anthony Edwards;Top Gun
Hector Elizondo;Runaway Bride
Stephen Boyd;Ben-Hur
Roy Dotrice;Amadeus
Stockard Channing;Grease
Ben Stiller;Madagascar
Nicolas Cage;Rock, The
Emmanuelle Seigner;Mome, La
William Collier Jr.;Cimarron
Jonathan Freeman;Aladdin
Jose Ferrer;Cyrano de Bergerac
Gig Young;They Shoot Horses, Dont They?
Tim Allen;Toy Story 2
Tom Cruise;Rain Man
Marlene Dietrich;Judgment at Nuremberg
Leland Orser;Taken
Avon Long;Harry and Tonto
Ian McKellen;Lord of the Rings: The Two Towers, The
Wilfrid Hyde-White;My Fair Lady
Charles Durning;Sting, The
Kevin Kline;Sophies Choice
Joe Pesci;Goodfellas
Sherri Shepherd;Precious: Based on the Novel Push by Sapphire
Anne Revere;Place in the Sun, A
Steve Harris;Minority Report
Kathleen Turner;Accidental Tourist, The
Guy Pearce;The Hurt Locker
Morgan Freeman;Robin Hood: Prince of Thieves
Jaden Smith;The Karate Kid
Lee J. Cobb;Song of Bernadette, The
Mary Pickford;Coquette
Bruce Bennett;Treasure of the Sierra Madre, The
Helen Slater;City Slickers
Carrie Fisher;Star Wars
Bill Nighy;Harry Potter and the Deathly Hallows: Part 1
William Hurt;Accidental Tourist, The
Paul Walker;Fast and the Furious, The
Ben Affleck;Pearl Harbor
Franchot Tone;Dangerous
Ray Walston;Sting, The
Paul Newman;Sweet Bird of Youth
Willem Dafoe;Spider-Man
Haing S. Ngor;Killing Fields, The
Kristen Stewart;New Moon
Amrish Puri;Indiana Jones and the Temple of Doom
Warren Beatty;Bonnie and Clyde
Peter Stormare;Bad Boys II
John C. Reilly;The Aviator
David Keith;Officer and a Gentleman, An
Robert Duvall;True Grit
Russell Crowe;Gladiator
John Lone;Last Emperor, The
Danny Glover;Lethal Weapon 2
Viola Davis;The Help
John Carradine;Stagecoach
Margaret Lindsay;Dangerous
Roy Scheider;Klute
Tea Leoni;Jurassic Park III
Steve Carell;Despicable Me
Judy Holliday;Born Yesterday
Frank Vincent;Raging Bull
Robin Williams;Good Will Hunting
Harrison Fahn;Ice Age: Dawn of the Dinosaurs
Mary Badham;To Kill a Mockingbird
Nicolas Cage;Leaving Las Vegas
Rupert Grint;Harry Potter and the Half-Blood Prince
Justin Cooper;Liar Liar
Jeanne Tripplehorn;Firm, The
Mel Gibson;Lethal Weapon 4
Jane Fonda;Klute
Judi Dench;Shakespeare in Love
Peter Sohn;Ratatouille
Burl Ives;Big Country, The
Jane Alexander;Kramer vs. Kramer
Lea Thompson;Back to the Future
Kristen Stewart;The Twilight Saga: Breaking Dawn - Part 1
Lucile Watson;Great Lie, The
Liza Minnelli;Cabaret
Ray Winstone;Indiana Jones and the Kingdom of the Crystal Skull
Neil Hamilton;Sin of Madelon Claudet, The
Edward Brophy;Champ, The
Rachael Taylor;Transformers
Rupert Grint;Harry Potter and the Chamber of Secrets
Franchot Tone;Mutiny on the Bounty
Alice Brady;In Old Chicago
Elizabeth Perkins;Flintstones, The
Cherry Jones;Signs
Yul Brynner;King and I, The
Anthony Quinn;Viva Zapata!
Walter Pidgeon;Funny Girl
Steve Martin;Cheaper by the Dozen
Karina Arroyave;Crash
Emilia Fox;Pianist, The
Hugh Jackman;X-Men Origins: Wolverine
Liam Neeson;Taken
Charley Grapewin;Captains Courageous
Walter Brennan;Kentucky
Elaine Williams;Subject Was Roses, The
Queen Latifah;Chicago
Velena Papovic;Cast Away
Patricia Owens;Sayonara
Jaden Smith;The Pursuit of Happyness
Julianne Moore;Fugitive, The
Franka Potente;The Bourne Supremacy
Carrie Snodgress;Blue Sky
Robert De Niro;Raging Bull
James Naughton;Paper Chase, The
Humphrey Bogart;Key Largo
Matt Damon;True Grit
Naveen Andrews;English Patient, The
Martha Scott;Sayonara
Kelly Macdonald;No Country for Old Men
Betty White;The Lorax
Dianne Wiest;Hannah and Her Sisters
Bud Cort;Pollock
George C. Scott;Patton
Bonnie Hunt;Cheaper by the Dozen
Mark Hamill;Star Wars: Episode VI - Return of the Jedi
Joan Crawford;Grand Hotel
Ruth Hussey;Philadelphia Story, The
David Aston;Lord of the Rings: The Return of the King, The
Brandon Routh;Superman Returns
Frank McHugh;Going My Way
George Sanders;Rebecca
Alice Braga;I Am Legend
Art Carney;Harry and Tonto
Jeff Goldblum;Independence Day
Judge Reinhold;Beverly Hills Cop
Alec Guinness;Star Wars
Gerald R. Molen;Rain Man
Stellan Skarsgard;Mamma Mia!
Keir ODonnell;Paul Blart: Mall Cop
Hermione Baddeley;Mary Poppins
James Cromwell;L.A. Confidential
Eli Roth;Inglourious Basterds
Jack Nicholson;Terms of Endearment
Maximilian Schell;Judgment at Nuremberg
Paul Herman;Crazy Heart
Pernilla August;Star Wars: Episode I - The Phantom Menace
Holly Hunter;The Incredibles
M. Emmet Walsh;Ordinary People
Jeffrey Garcia;Happy Feet
Malick Bowens;Out of Africa
Richard Arlen;Wings
Kristen Stewart;Twilight
Jean Smart;Bringing Down the House
Donald Sutherland;Klute
Herbert Berghof;Harry and Tonto
Richard S. Castellano;Godfather, The
Helen Hayes;Anastasia
Brian Cox;The Bourne Supremacy
Kevin Spacey;Usual Suspects, The
Lauren Bacall;Written on the Wind
Kevin James;Grown Ups
Daniel Radcliffe;Harry Potter and the Deathly Hallows: Part 2
Albert Finney;Murder on the Orient Express
Olivia de Havilland;To Each His Own
Laurie Heineman;Save the Tiger
David Brisbin;Erin Brockovich
George Sanders;All About Eve
Ewan McGregor;Beginners
Clark Gable;Free Soul, A
Laurence Olivier;Spartacus
Frank Morgan;Great Ziegfeld, The
Kristine Sutherland;Honey, I Shrunk the Kids
Virginia Vincent;I Want to Live!
Ben Stiller;Madagascar 3: Europes Most Wanted
Paul Lukas;Watch on the Rhine
James Coburn;Monsters, Inc.
Christopher Eccleston;G.I. Joe: The Rise of Cobra
Will Arnett;Horton Hears a Who!
Blythe Danner;Meet the Parents
Tzi Ma;Rush Hour
Maggie Smith;Sister Act
Charles Durning;Tootsie
Winona Ryder;Black Swan
Sylvester Stallone;Rambo: First Blood Part II
Jeffrey Wright;Casino Royale
Stellan Skarsgard;Thor
Oliver Reed;Oliver!
Mark Lester;Oliver!
Howard Duff;Kramer vs. Kramer
David Tennant;Harry Potter and the Goblet of Fire
Alan Bates;Alexis Zorbas
Tom Hanks;Saving Private Ryan
Maria Aitken;Fish Called Wanda, A
Anne Francis;Funny Girl
Judy Davis;Passage to India, A
Paul Sorvino;Goodfellas
Jack Davenport;Pirates of the Caribbean: At Worlds End
Seth Rogen;Horton Hears a Who!
Samantha Morton;Minority Report
David Spade;Grown Ups
Edward Arnold;You Cant Take It with You
Rudy Bond;Streetcar Named Desire, A
Ronald Lacey;Raiders of the Lost Ark
Ernest Borgnine;Marty
Jordana Brewster;Fast Five
Howard St. John;Born Yesterday
Billy Crystal;City Slickers
Carol DeLuise;Sunshine Boys, The
Emmanuelle Beart;Mission: Impossible
Ingrid Bergman;Anastasia
Halle Berry;X-Men: The Last Stand
Cecil Cunningham;Awful Truth, The
Renee Zellweger;Cold Mountain
Virginia Grey;Rose Tattoo, The
Leslie Mann;Knocked Up
Judi West;Fortune Cookie, The
Olivia Williams;Sixth Sense, The
Mia Farrow;Hannah and Her Sisters
Eva Mendes;Hitch
Lily Collins;The Blind Side
Dorothy Jordan;Min and Bill
Laura Dern;Jurassic Park
Martin Balsam;Thousand Clowns, A
Antonio Banderas;Shrek Forever After
Judy Kuhn;Pocahontas
Roscoe Karns;It Happened One Night
Jay O. Sanders;The Day After Tomorrow
Anne Haney;Liar Liar
Elisabeth Moss;Girl, Interrupted
Jonathan Taylor Thomas;Lion King, The
Mark Wahlberg;Ted
Harcourt Williams;Roman Holiday
Hugh Griffith;Ben-Hur
Sean Penn;Mystic River
Eleonora Brown;Ciociara, La
Alan Bates;Women in Love
Stanley Tucci;The Hunger Games
Ingrid Bergman;Murder on the Orient Express
Helen Hunt;Twister
Pat Hingle;Batman
Frank Finlay;Pianist, The
Ben Stiller;Night at the Museum
Seth MacFarlane;Ted
Christine Anu;Matrix Reloaded, The
Kelly Preston;Jerry Maguire
Javier Bardem;No Country for Old Men
Joss Ackland;Lethal Weapon 2
Shirley Knight;Paul Blart: Mall Cop
Roselyn Sanchez;Rush Hour 2
Jeanette Hain;The Reader
Jim Varney;Toy Story
Jackie Cooper;Superman
Ewan McGregor;Star Wars: Episode II - Attack of the Clones
Finlay Currie;Around the World in Eighty Days
Jessica Alba;Fantastic Four
Jennifer Tilly;Bullets Over Broadway
Catherine OHara;Home Alone 2: Lost in New York
Cecil Kellaway;Guess Whos Coming to Dinner
Connie Nielsen;Gladiator
Mark Wahlberg;Perfect Storm, The
Rick Moranis;Ghostbusters
Wendy Crewson;Air Force One
Stephen Dillane;Hours, The
Leo Howard;G.I. Joe: The Rise of Cobra
Michael York;Austin Powers: The Spy Who Shagged Me
Tyrese Gibson;Transformers: Revenge of the Fallen
Rosie ODonnell;Flintstones, The
Clint Eastwood;Million Dollar Baby
Russ Tamblyn;West Side Story
Julie Andrews;Shrek 2
Lara Flynn Boyle;Men in Black II
Burt Lancaster;From Here to Eternity
Kathy Najimy;Sister Act
Jamie Lee Curtis;Fish Called Wanda, A
John Malkovich;Killing Fields, The
Ray Romano;Ice Age
Mark Hamill;Star Wars
Lorraine Gary;Jaws
Robert Shaw;Sting, The
Harrison Ford;Raiders of the Lost Ark
Ben Bard;Seventh Heaven
Theodore Bikel;I Want to Live!
Jane Withers;Giant
Gerard Butler;300
James Caan;Elf
Walter Brennan;Sergeant York
Yeardley Smith;The Simpsons Movie
John Barrymore;Grand Hotel
Tommy Lee Jones;Blue Sky
John Ashton;Beverly Hills Cop
Fredric March;Anthony Adverse
Sergio Bini Bustric;Vita e bella, La
Lionel Stander;Mr. Deeds Goes to Town
Geraldine Page;Sweet Bird of Youth
Catherine Bell;Bruce Almighty
Laurence Fishburne;Mystic River
Eduardo Ciannelli;Kitty Foyle: The Natural History of a Woman
Nicholas Colasanto;Raging Bull
Stanley Holloway;My Fair Lady
Robert Duvall;Deep Impact
Tilly Losch;Good Earth, The
William Hurt;Children of a Lesser God
Tom Sizemore;Saving Private Ryan
Dustin Hoffman;Midnight Cowboy
Beyonce Knowles;Dreamgirls
Mel Gibson;Lethal Weapon 3
Jack Nicholson;One Flew Over the Cuckoos Nest
Simon Callow;Amadeus
Judi Dench;Iris
Kevin Kline;Fish Called Wanda, A
Barry Pepper;True Grit
Ralph Bellamy;Pretty Woman
Julie Andrews;Shrek the Third
Charles King;Broadway Melody, The
Doris Davenport;Westerner, The
Eddie Izzard;Cars 2
Claire Trevor;Key Largo
James Garner;Sayonara
John Garfield;Gentlemans Agreement
Paul Newman;Sting, The
Jackie Cooper;Champ, The
Clara Bow;Wings
Jake Gyllenhaal;Brokeback Mountain
Liv Tyler;Lord of the Rings: The Two Towers, The
Jacob Smith;Troy
Jonah Hill;How to Train Your Dragon
Forrest Tucker;Westerner, The
Kristin Scott Thomas;English Patient, The
Paul Rudd;Knocked Up
Tommy Lee Jones;Men in Black II
Christopher Reeve;Superman
Cameron Diaz;Shrek the Third
John Randolph;Prizzis Honor
Hubert Kounde;The Constant Gardener
Will Smith;Men in Black
David Morse;Rock, The
Johnny Depp;Charlie and the Chocolate Factory
Simon McBurney;The Last King of Scotland
Charles Boyer;Gaslight
Phoebe Waller-Bridge;The Iron Lady
Donald Wolfit;Room at the Top
Amy Adams;The Fighter
Warren Oates;In the Heat of the Night
Stephen McNally;Johnny Belinda
Ralph Fiennes;Harry Potter and the Deathly Hallows: Part 2
Marcia Gay Harden;Mystic River
Rip Torn;Sweet Bird of Youth
Gene Tierney;Razors Edge, The
Antonio Banderas;Shrek the Third
Eric Lloyd;Santa Clause, The
John Rhys-Davies;Indiana Jones and the Last Crusade
Linda Hunt;Year of Living Dangerously, The
Jane Wyatt;None But the Lonely Heart
Meryl Streep;Kramer vs. Kramer
Phoebe Cates;Gremlins
Linda Cardellini;Scooby-Doo
Gary Cole;Talladega Nights: The Ballad of Ricky Bobby
Kiefer Sutherland;Few Good Men, A
Ray Walston;Apartment, The
Beah Richards;Guess Whos Coming to Dinner
Milton Goncalves;Kiss of the Spider Woman
Robert Stephens;Prime of Miss Jean Brodie, The
Giuliana Lojodice;Vita e bella, La
Ron Rich;Fortune Cookie, The
Carl Weathers;Rocky
Lindsay Wagner;Paper Chase, The
Marius Goring;Barefoot Contessa, The
James Dunn;Tree Grows in Brooklyn, A
Johnny Depp;Ed Wood
Craig T. Nelson;Killing Fields, The
Roger Allam;The Queen
Ed Helms;The Hangover Part II
Joan Blondell;Tree Grows in Brooklyn, A
Elizabeth Berridge;Amadeus
Michael Callan;Cat Ballou
Harry Shearer;The Simpsons Movie
Jerry Orbach;Beauty and the Beast
Matthew Gray Gubler;Alvin and the Chipmunks: The Squeakquel
Ethel Barrymore;Farmers Daughter, The
William Janney;Coquette
Lori Galinski;Oceans Eleven
Miranda Otto;War of the Worlds
Emmy Rossum;The Day After Tomorrow
Chris Evans;Captain America: The First Avenger
Lloyd Bridges;High Noon
Herbert Mundin;Mutiny on the Bounty
Tyrese Gibson;Fast Five
Gil Birmingham;The Twilight Saga: Breaking Dawn - Part 1
Mel Gibson;Year of Living Dangerously, The
Ian McShane;Pirates of the Caribbean: On Stranger Tides
Jason Lee;Alvin and the Chipmunks: The Squeakquel
Eddie Murphy;Doctor Dolittle
Scott Glenn;The Bourne Ultimatum
Thomas F. Wilson;Back to the Future
Edward Arnold;Johnny Eager
Walter Matthau;California Suite
Thomas Kretschmann;Pianist, The
Wallace Beery;Min and Bill
Seth Green;Austin Powers in Goldmember
Gwyneth Paltrow;Iron Man
Victor McLaglen;Informer, The
Rick Lenz;Cactus Flower
Augusta Ciolli;Marty
Tom Cruise;Mission: Impossible III
Hoyt Axton;Gremlins
Karen Allen;Raiders of the Lost Ark
Marcel Bozzuffi;French Connection, The
Christoph Waltz;Inglourious Basterds
Rene Russo;Ransom
Reginald Owen;Mrs. Miniver
Donna Murphy;Tangled
Maggie Smith;Harry Potter and the Sorcerers Stone
David Kross;The Reader
Clifton Webb;Razors Edge, The
Jason Boyd;Harry Potter and the Order of the Phoenix
June Duprez;None But the Lonely Heart
Lana Turner;Bad and the Beautiful, The
Jessica Lange;Blue Sky
William Eythe;Song of Bernadette, The
Will Smith;Bad Boys II
Sonia Todd;Shine
Thomas Mitchell;High Noon
James Franco;Milk
Steve ODonnell;Shakespeare in Love
Robert Downey Jr.;The Avengers
Colin Farrell;Minority Report
Edward G. Robinson;Key Largo
Dorothy Tristan;Klute
Carmen Electra;Scary Movie
Natalie Portman;Star Wars: Episode III - Revenge of the Sith
Bruce Dern;Coming Home
Nina Foch;American in Paris, An
Greer Garson;Goodbye, Mr. Chips
Daniel Radcliffe;Harry Potter and the Sorcerers Stone
Julian Sands;Leaving Las Vegas
Harry Melling;Harry Potter and the Deathly Hallows: Part 1
Kathy Bates;Misery
Angela Lansbury;Gaslight
Christina Ricci;Monster
Signe Hasso;Double Life, A
Denzel Washington;Philadelphia
Zach Galifianakis;The Hangover
Vin Diesel;Fast and the Furious, The
William Holden;Network
Gabriel Byrne;Usual Suspects, The
James Stewart;You Cant Take It with You
Elizabeth Taylor;National Velvet
Michael Roof;XXX
Sean Penn;Dead Man Walking
Gusti Huber;Diary of Anne Frank, The
Jon Stewart;Big Daddy
Edward Arnold;Come and Get It
Cameron Diaz;Shrek
Anne Revere;Gentlemans Agreement
Don Rickles;Toy Story
Rosie Huntington-Whiteley;Transformers: Dark of the Moon
Laurence Harvey;Room at the Top
Beulah Bondi;Watch on the Rhine
Philip Ober;Come Back, Little Sheba
Liev Schreiber;X-Men Origins: Wolverine
Hayden Christensen;Star Wars: Episode II - Attack of the Clones
Mitzi Green;Skippy
Katharine Hepburn;Guess Whos Coming to Dinner
Anna Lee;How Green Was My Valley
Kyle Graham;Scary Movie
Reese Witherspoon;Monsters vs Aliens
Jose Luis de Villalonga;Darling
Glenn Close;Reversal of Fortune
Tom Hanks;Apollo 13
Jodie Foster;Silence of the Lambs, The
Olympia Dukakis;Look Whos Talking
Eddie Murphy;Dreamgirls
Walter Pidgeon;Bad and the Beautiful, The
Charlie Sheen;Wall Street
Bradley Cooper;The Hangover Part II
Jackie Chan;Rush Hour 2
Greg Kinnear;As Good As It Gets
Ben Stiller;Theres Something About Mary
Johnny Knoxville;Men in Black II
Leonardo DiCaprio;Catch Me If You Can
Victor Wong;Last Emperor, The
Josh Hartnett;Pearl Harbor
Edward Asner;Up
Don Cheadle;Crash
Georges Guetary;American in Paris, An
Faye Dunaway;Bonnie and Clyde
Paul Giamatti;Planet of the Apes
Simon Pegg;Mission: Impossible - Ghost Protocol
Elie Chaib;Mighty Aphrodite
Julie Walters;Brave
Peter Coyote;E.T. the Extra-Terrestrial
Richard Bradford;Trip to Bountiful, The
Esmond Knight;Hamlet
Bill Paxton;True Lies
Helena Bonham Carter;The Kings Speech
Jack Albertson;Subject Was Roses, The
Joan Cusack;Toy Story 2
Paul Henreid;Casablanca
Reese Witherspoon;Walk the Line
Lelia Goldoni;Alice Doesnt Live Here Anymore
Stephen D. Newman;Sophies Choice
Julia Louis-Dreyfus;A Bugs Life
Andrew Chavez;Traffic
Shirley Knight;Sweet Bird of Youth
Leslie Caron;American in Paris, An
Danny Glover;Lethal Weapon 4
Melanie Laurent;Beginners
Peter OToole;Last Emperor, The
Tony Goldwyn;Tarzan
Emma Stone;The Amazing Spider-Man
Jason Bateman;Juno
Rosamund Pike;Die Another Day
Mercedes Ruehl;Fisher King, The
Kate Beckinsale;Click
William Holden;Born Yesterday
Judd Hirsch;Ordinary People
Kelsey Grammer;Toy Story 2
James Caan;Misery
Alison Skipworth;Dangerous
Michael Keaton;Batman
Joseph Cotten;Farmers Daughter, The
Christina Jastrzembska;New Moon
Albert Gran;Seventh Heaven
Sidney Poitier;In the Heat of the Night
Jason Lee;The Incredibles
Paul Lukas;Watch on the Rhine
Michael Cera;Juno
Richard Beymer;West Side Story
Melissa Leo;The Fighter
Scott Weinger;Aladdin
Michael Caine;Batman Begins
Rip Torn;Men in Black
Sala Baker;Lord of the Rings: The Fellowship of the Ring, The
Hal Holbrook;Julia
Quinton Aaron;The Blind Side
Michael Caine;Cider House Rules, The
Diane Keaton;Annie Hall
Hayden Panettiere;A Bugs Life
Octavia Spencer;The Help
Marion Cotillard;Mome, La
William H. Macy;Jurassic Park III
Franklin Cover;Wall Street
Scarlett Johansson;The Avengers
Liam Neeson;Batman Begins
Taylor Momsen;How the Grinch Stole Christmas
Simon Oakland;I Want to Live!
Leslie Fenton;Boys Town
Richard Gere;Officer and a Gentleman, An
Rebecca De Mornay;Trip to Bountiful, The
David Allen Brooks;Cast Away
John Leguizamo;Ice Age
Ralph Fiennes;Schindlers List
Don Taylor;Stalag 17
Jacqueline Bisset;Airport
James Cromwell;Green Mile, The
Barry Fitzgerald;Quiet Man, The
Jack Warden;All the Presidents Men
Robin Williams;Fisher King, The
Walter Huston;Treasure of the Sierra Madre, The
Richard Dreyfuss;Jaws
Edward Albert;Butterflies Are Free
Frank B. Moore;Scary Movie
Zachary Quinto;Star Trek
Anna Magnani;Rose Tattoo, The
Mira Sorvino;Mighty Aphrodite
Vince Vaughn;Mr. & Mrs. Smith
Nathalie Baye;Catch Me If You Can
Chris Rock;Madagascar 3: Europes Most Wanted
Frances Sternhagen;Misery
Emma Thompson;Men in Black 3
Sidney Poitier;Guess Whos Coming to Dinner
Tom Bower;Pollock
Meryl Streep;Out of Africa
Jason Robards;Thousand Clowns, A
Josh Brolin;Milk
Minnie Driver;Tarzan
Edward Asner;Elf
Henry Fonda;On Golden Pond
Alfre Woodard;Dinosaur
Bembol Roco;Year of Living Dangerously, The
Alicia Goranson;Boys Dont Cry
Willow Shields;The Hunger Games
Dustin Hoffman;Kramer vs. Kramer
Vanessa Redgrave;Howards End
Jim Broadbent;Harry Potter and the Half-Blood Prince
Jim Carrey;How the Grinch Stole Christmas
MoNique;Precious: Based on the Novel Push by Sapphire
Bette Davis;Dangerous
Walter Connolly;Good Earth, The
James Craig;Kitty Foyle: The Natural History of a Woman
Carrie-Anne Moss;Matrix, The
Nigel Hawthorne;Tarzan
Lucile Watson;Watch on the Rhine
John Cassavetes;Rosemarys Baby
Alan Tudyk;I, Robot
Max Casella;Dinosaur
Jake Lloyd;Star Wars: Episode I - The Phantom Menace
John Derek;All the Kings Men
James Cromwell;I, Robot
Chris Rock;Lethal Weapon 4
Gabourey Sidibe;Precious: Based on the Novel Push by Sapphire
Heath Ledger;Brokeback Mountain
Willem Dafoe;Platoon
Fairuza Balk;Waterboy, The
Gregory Fitoussi;G.I. Joe: The Rise of Cobra
Judge Reinhold;Santa Clause, The
James Fox;Passage to India, A
Jameson Thomas;It Happened One Night
Michael J. Pollard;Bonnie and Clyde
Otto Preminger;Stalag 17
Robin Wright Penn;Forrest Gump
Dick Van Dyke;Mary Poppins
Richard Griffiths;Harry Potter and the Deathly Hallows: Part 1
Chris Rock;Grown Ups
Jean Arthur;Mr. Deeds Goes to Town
Richard Dixon;The Kings Speech
Angelina Jolie;Mr. & Mrs. Smith
Jamie Lee Curtis;True Lies
Toni Collette;Little Miss Sunshine
James Franco;Spider-Man
Charles Napier;Rambo: First Blood Part II
Shia LaBeouf;Transformers
Sandy Dennis;Whos Afraid of Virginia Woolf?
Sessue Hayakawa;Bridge on the River Kwai, The
Jean Hersholt;Sin of Madelon Claudet, The
R. Lee Ermey;Dead Man Walking
Kevin Bacon;Mystic River
Maurice Evans;Rosemarys Baby
Barbara Rhoades;Goodbye Girl, The
Rene Russo;Lethal Weapon 3
Justin Bartha;The Hangover
Goran Visnjic;Beginners
Terry Moore;Come Back, Little Sheba
Ellen DeGeneres;Finding Nemo
William Redfield;One Flew Over the Cuckoos Nest
Julie Andrews;Shrek Forever After
Martin Balsam;All the Presidents Men
Billy Burke;New Moon
Ken Watanabe;Inception
Crispin Glover;Alice in Wonderland
Cary Elwes;Liar Liar
Michael J. Fox;Back to the Future
Gene Reynolds;Country Girl, The
Hilary Swank;Million Dollar Baby
Robert Portal;The Kings Speech
Edward Furlong;Terminator 2: Judgment Day
Christopher Lloyd;Who Framed Roger Rabbit
Louis Wolheim;Two Arabian Knights
Jordana Brewster;Fast and the Furious, The
Chris Elliott;Theres Something About Mary
Martin Benson;King and I, The
Irene Manning;Yankee Doodle Dandy
Pinto Colvig;Snow White and the Seven Dwarfs
Joanne Woodward;Three Faces of Eve, The
Jon Voight;Pearl Harbor
Dabney Coleman;Tootsie
Joan Fontaine;Suspicion
Esther Rolle;Driving Miss Daisy
Claude Rains;Casablanca
Claire Trevor;Stagecoach
John Hannah;The Mummy
Peter OToole;The Lion in Winter
Oliver Platt;Doctor Dolittle
Akim Tamiroff;For Whom the Bell Tolls
Clive Brook;Cavalcade
Justin Henry;Kramer vs. Kramer
Richard Whorf;Yankee Doodle Dandy
Karen Lynn Gorney;Saturday Night Fever
Adolphe Menjou;Morning Glory
Lee Tergesen;Monster
Jean Simmons;Big Country, The
Clark Gable;It Happened One Night
Jean Reno;Mission: Impossible
Justin Long;Alvin and the Chipmunks
Lee Meredith;Sunshine Boys, The
Martin Sheen;The Amazing Spider-Man
Henry Fonda;Jezebel
Tom Skerritt;Top Gun
Katharine Hepburn;Morning Glory
Rita Moreno;West Side Story
Douglass Dumbrille;Mr. Deeds Goes to Town
Craig T. Nelson;The Proposal
Charles Drake;Harvey
Paul Freeman;Raiders of the Lost Ark
Sean Bean;National Treasure
Robert Loggia;Prizzis Honor
Tom Hulce;Animal House
Kerry Washington;Mr. & Mrs. Smith
Kevin Spacey;American Beauty
Pamela Brown;Lust for Life
Chris Pine;Star Trek
Toby Stephens;Die Another Day
Nancy Travis;Three Men and a Baby
Richard White;Beauty and the Beast
Stanley Ridges;Sergeant York
Alan Rickman;Robin Hood: Prince of Thieves
Susan Brown;The Iron Lady
Matt Damon;The Bourne Ultimatum
David Niven;Around the World in Eighty Days
Jack Raymond;Last Command, The
Lorraine Bracco;Goodfellas
Thora Birch;American Beauty
Morgan Freeman;Million Dollar Baby
Daniel Radcliffe;Harry Potter and the Order of the Phoenix
Shelley Winters;Place in the Sun, A
Paige OHara;Beauty and the Beast
Martin Stringer;There Will Be Blood
Sidney Poitier;Lilies of the Field
Jeff Bridges;Iron Man
Cynthia Nixon;Sex and the City
Paul Walker;Fast & Furious
Saurabh Shukla;Slumdog Millionaire
Dustin Hoffman;Tootsie
Willow Smith;I Am Legend
John Ashton;Beverly Hills Cop II
Jonathan Sagall;Schindlers List
Seann William Scott;Ice Age: The Meltdown
Joey Lauren Adams;Big Daddy
Garrett Hedlund;TRON: Legacy
Billy Bob Thornton;Armageddon
Lee Grant;Shampoo
Betty Buckley;Tender Mercies
Ned Beatty;Superman
Christopher Walken;Click
Tom Wilkinson;Shakespeare in Love
Johnny Depp;Pirates of the Caribbean: At Worlds End
Pamela Blair;Mighty Aphrodite
Jeremy Slate;True Grit
David Tomlinson;Mary Poppins
Ken Leung;Rush Hour
Jane Fonda;Coming Home
Paul Hogan;Crocodile Dundee
Maggie Smith;Prime of Miss Jean Brodie, The
Simone Signoret;Room at the Top
Louis Jourdan;Gigi
Tamara Tunie;Wall Street
Wendy Crewson;Santa Clause, The
Thandie Newton;2012
Agnes Moorehead;Johnny Belinda
Sam Rockwell;Iron Man 2
Heather Donahue;Blair Witch Project, The
Jonathan Lipnicki;Stuart Little
Orson Welles;Man for All Seasons, A
Howard Da Silva;Lost Weekend, The
Johnny Depp;Pirates of the Caribbean: On Stranger Tides
Victor Jory;Miracle Worker, The
Bill Paxton;Titanic
Douglass Dumbrille;Kentucky
Anne Bancroft;Graduate, The
Jason Segel;Knocked Up
Dawn Didawick;Erin Brockovich
Mike Colter;Million Dollar Baby
David Wayne;Three Faces of Eve, The
Joe Pesci;Lethal Weapon 2
Cary Elwes;Glory
Teri Polo;Meet the Parents
Jason Alexander;Pretty Woman
Christine Baranski;How the Grinch Stole Christmas
Penelope Milford;Coming Home
George Segal;Look Whos Talking
Nicolas Cage;National Treasure: Book of Secrets
Will Smith;The Pursuit of Happyness
Tommy Lee Jones;Coal Miners Daughter
Charles Laughton;Mutiny on the Bounty
Charles Martin Smith;Untouchables, The
Billy Crystal;Monsters, Inc.
Wes Bentley;American Beauty
Jackie Chan;Rush Hour
Richard Macklin;Harry Potter and the Order of the Phoenix
Maggie Grace;Taken
Jack Warden;Shampoo
Robert Drivas;Cool Hand Luke
Marcia Strassman;Honey, I Shrunk the Kids
Ingrid Bergman;Casablanca
Robert De Niro;Untouchables, The
Elissa Knight;WALL-E
Max von Sydow;Rush Hour 3
William Moseley;The Chronicles of Narnia: Prince Caspian
Sarah Jessica Parker;Ed Wood
Buzz Kilman;Philadelphia
Joseph Mussey;There Will Be Blood
Robert Wagner;Austin Powers: The Spy Who Shagged Me
Dustin Hoffman;Kung Fu Panda
Keanu Reeves;Matrix, The
Xavier Samuel;The Twilight Saga: Eclipse
Valeria Golino;Rain Man
Elijah Wood;Deep Impact
Eddie Murphy;Beverly Hills Cop
Olivia de Havilland;Heiress, The
John Turturro;Transformers: Dark of the Moon
Claudia Gerini;Passion of the Christ, The
Spencer Tracy;Judgment at Nuremberg
Harrison Ford;Star Wars: Episode VI - Return of the Jedi
Skandar Keynes;The Chronicles of Narnia: The Lion, the Witch and the Wardrobe
Christopher Walken;Catch Me If You Can
Dash Mihok;The Day After Tomorrow
Marlon Brando;Streetcar Named Desire, A
Amber Rules;Monsters Ball
Sarah Jessica Parker;Sex and the City
Gary Cooper;Westerner, The
Ben Cooper;Rose Tattoo, The
Wilford Brimley;Cocoon
Vince Vaughn;Lost World: Jurassic Park, The
Tom Cruise;Firm, The
Emil Jannings;Last Command, The
Will Smith;Hitch
Jackie Cooper;Skippy
Karl Urban;The Bourne Supremacy
Chris Hemsworth;Thor
Jobyna Ralston;Wings
George Brent;Jezebel
Al Pacino;Scent of a Woman
Robin Williams;Mrs. Doubtfire
Daniel Stern;Home Alone 2: Lost in New York
Natalie Wood;Miracle on 34th Street
Rock Hudson;Written on the Wind
Richard Dreyfuss;Goodbye Girl, The
Powers Boothe;Blue Sky
Amy Wright;Accidental Tourist, The
Maria Pitillo;Godzilla
Bonnie Hunt;Green Mile, The
Sean Astin;Lord of the Rings: The Two Towers, The
David Niven;Separate Tables
Edward Fox;Gandhi
Ingrid Bergman;For Whom the Bell Tolls
Brendan Fraser;Mummy Returns, The
Jack Nicholson;Prizzis Honor
Jane Fonda;They Shoot Horses, Dont They?
Robert Downey Jr.;Sherlock Holmes: A Game of Shadows
Burt Lancaster;Separate Tables
Mary McDonnell;Independence Day
Lou Antonio;Cool Hand Luke
Edmond OBrien;Double Life, A
Kristanna Loken;Terminator 3: Rise of the Machines
Humphrey Bogart;African Queen, The
Josh Evans;Born on the Fourth of July
Brian Dennehy;Ratatouille
Daveigh Chase;Lilo & Stitch
Paul Douglas;Letter to Three Wives, A
Mia Wasikowska;Alice in Wonderland
Carroll Baker;Giant
Glen Campbell;True Grit
Thomas Mitchell;Stagecoach
Leo McKern;Ryans Daughter
Natalie Wood;West Side Story
Eric Bana;Hulk
Anna Felix;Crazy Heart
Barbra Streisand;Meet the Fockers
Diane Kruger;National Treasure: Book of Secrets
John Mills;Ryans Daughter
John Malkovich;Places in the Heart
Chris Evans;Fantastic Four
Jack Hawkins;Lawrence of Arabia
Steve Carell;Horton Hears a Who!
Jason Miller;Exorcist, The
Dorothy Burgess;In Old Arizona
Julia Roberts;Pretty Woman
Famke Janssen;X-Men
Jennifer Jones;Song of Bernadette, The
Ryan Reynolds;The Proposal
Kim Darby;True Grit
Sotiris Moustakas;Alexis Zorbas
Lee J. Cobb;Three Faces of Eve, The
Carey Loftin;Patton
Patty Duke;Miracle Worker, The
Lionel Barrymore;Captains Courageous
Christopher Plummer;Syriana
Cathy Moriarty;Raging Bull
Vin Diesel;XXX
Ralph Clanton;Cyrano de Bergerac
Patricia Wettig;City Slickers
Richard Harris;Unforgiven
Billy Connolly;Brave
Jada Pinkett Smith;Madagascar: Escape 2 Africa
Meryl Streep;Hours, The
Tim McGraw;The Blind Side
Pierce Brosnan;Mrs. Doubtfire
Gabrielle Union;Bad Boys II
Adewale Akinnuoye-Agbaje;G.I. Joe: The Rise of Cobra
Brenda Vaccaro;Midnight Cowboy
Laurence Olivier;Hamlet
Hailee Steinfeld;True Grit
Sandra Bullock;The Proposal
William Daniels;Thousand Clowns, A
Mady Christians;Come and Get It
Julie Andrews;Mary Poppins
Renee Zellweger;Chicago
Elijah Wood;Lord of the Rings: The Two Towers, The
Julia Roberts;Erin Brockovich
Brian Dennehy;Cocoon
Adoni Maropis;Troy
Ray Liotta;Hannibal
Charlton Heston;Greatest Show on Earth, The
Richard OBrien;Rocky Horror Picture Show, The
Leo McKern;Man for All Seasons, A
Joe Pesci;Home Alone 2: Lost in New York
Wenwen Han;The Karate Kid
Harry Melling;Harry Potter and the Prisoner of Azkaban
Helen Mirren;National Treasure: Book of Secrets
Akim Tamiroff;Anastasia
Dustin Hoffman;Graduate, The
Richard Burton;V.I.P.s, The
Sacha Baron Cohen;Madagascar: Escape 2 Africa
Edwin Jerome;Three Faces of Eve, The
Gia Carides;My Big Fat Greek Wedding
Bridget Moynahan;I, Robot
Rick Yune;Die Another Day
Dan Aykroyd;Ghostbusters
Judd Hirsch;Independence Day
Robert Keith;Written on the Wind
Dick Van Dyke;Night at the Museum
Peter Finch;Network
Ernest Cossart;Kitty Foyle: The Natural History of a Woman
Dustin Hoffman;Rain Man
Abigail Breslin;Signs
Lilia Skala;Lilies of the Field
Noel Appleby;Lord of the Rings: The Return of the King, The
Maureen Stapleton;Reds
Edmond OBrien;Barefoot Contessa, The
Linda Darnell;Letter to Three Wives, A
Jihmi Kennedy;Glory
Chris Rock;Madagascar: Escape 2 Africa
Ben Stiller;Meet the Parents
Jack Weston;Cactus Flower
Barry Fitzgerald;None But the Lonely Heart
Jim Carrey;Horton Hears a Who!
Sean Bean;Lord of the Rings: The Fellowship of the Ring, The
Hugh Laurie;101 Dalmatians
Rita Hayworth;Separate Tables
Terry Kilburn;Goodbye, Mr. Chips
Crispin Glover;Back to the Future
Patricia Neal;Subject Was Roses, The
Harvey Fierstein;Mrs. Doubtfire
Brandon De Wilde;Hud
Van Heflin;Johnny Eager
Myrna Loy;Best Years of Our Lives, The
David Kelly;Charlie and the Chocolate Factory
Jean Seberg;Airport
Robert De Niro;Meet the Fockers
Rick Moranis;Honey, I Shrunk the Kids
Harrison Ford;Star Wars
Harrison Ford;What Lies Beneath
Charles Cioffi;Klute
Rod Taylor;One Hundred and One Dalmatians
Robert Shaw;Jaws
Jack Nicholson;Batman
Willem Dafoe;English Patient, The
John Houseman;Paper Chase, The
Dana Andrews;Best Years of Our Lives, The
Ralph Fiennes;Clash of the Titans
Goldie Hawn;Shampoo
Henry Winkler;Click
Jack Warden;Being There
Chris Cooper;Adaptation.
Rachel McAdams;Sherlock Holmes: A Game of Shadows
Harvey Lembeck;Stalag 17
Andrew Garfield;The Amazing Spider-Man
Barry Bostwick;Rocky Horror Picture Show, The
Cliff Osmond;Fortune Cookie, The
Asia Argento;XXX
Ron Moody;Oliver!
Tatum ONeal;Paper Moon
Bronwen Coleman;Capote
David Cross;Alvin and the Chipmunks
Robin Williams;Night at the Museum: Battle of the Smithsonian
Hilary Swank;Boys Dont Cry
Glenda Jackson;Women in Love
Helmut Bakaitis;Matrix Reloaded, The
Matt Damon;The Departed
Bee Vang;Gran Torino
Kirk Douglas;Spartacus
Lana Turner;Johnny Eager
James Franco;Spider-Man 2
Gary Oldman;Hannibal
Ian McDiarmid;Star Wars: Episode III - Revenge of the Sith
Ginnifer Goodwin;Walk the Line
Robin Williams;Happy Feet
Pat Henning;On the Waterfront
Bruno Kirby;City Slickers
Margot Grahame;Informer, The
Walter Huston;Yankee Doodle Dandy
Jean-Paul Belmondo;Ciociara, La
Joseph Bennett;Howards End
Christopher Plummer;Beginners
Alexander Gould;Finding Nemo
Alex Rafalowicz;Shine
Larry Gates;In the Heat of the Night
Dev Patel;Slumdog Millionaire
Sally Field;Places in the Heart
John Bach;Lord of the Rings: The Return of the King, The
Roddy McDowall;How Green Was My Valley
Kirk Douglas;Letter to Three Wives, A
Evelyn Brent;Last Command, The
Daniel Day-Lewis;There Will Be Blood
Rachel Weisz;Mummy Returns, The
Gregory Peck;Roman Holiday
Christopher Plummer;Beautiful Mind, A
Steven Berkoff;Rambo: First Blood Part II
Freddie Highmore;Charlie and the Chocolate Factory
Ewan McGregor;Star Wars: Episode I - The Phantom Menace
James Frain;TRON: Legacy
Carrie Fisher;Hannah and Her Sisters
Frances McDormand;Fargo
Mel Gibson;Signs
Jackie Chan;Rush Hour 3
William Hickey;Prizzis Honor
Famke Janssen;X2
John Wayne;Quiet Man, The
Matt Damon;Good Will Hunting
Dennis Morgan;Kitty Foyle: The Natural History of a Woman
Greg Kinnear;Little Miss Sunshine
Steve Buscemi;Fargo
Tom Hanks;Toy Story
Eddie Marsan;Hancock
Minnie Driver;Good Will Hunting
Freddie Prinze Jr.;Scooby-Doo
Alena Murray;Three Faces of Eve, The
Alfred Lutter III;Alice Doesnt Live Here Anymore
James Gleason;Free Soul, A
Sarah Michelle Gellar;Scooby-Doo
John Goodman;Flintstones, The
John Mills;Goodbye, Mr. Chips
Gary Oldman;Air Force One
Ewan McGregor;Star Wars: Episode III - Revenge of the Sith
James McAvoy;The Last King of Scotland
Hilary Duff;Cheaper by the Dozen
Sam Waterston;Killing Fields, The
Teri Garr;Tootsie
Carol Burnett;Horton Hears a Who!
Jean Peters;Viva Zapata!
Nancy Baldwin;Mamma Mia!
Paul Bettany;The Da Vinci Code
Bruce Boxleitner;TRON: Legacy
Jeff Bridges;Last Picture Show, The
Mala Powers;Cyrano de Bergerac
Chris Rock;The Longest Yard
Maureen OHara;Miracle on 34th Street
Martin Sheen;Catch Me If You Can
Jemaine Clement;Men in Black 3
Christopher Lee;Star Wars: Episode II - Attack of the Clones
Amanda Seyfried;Mamma Mia!
Ahney Her;Gran Torino
Jane Fonda;On Golden Pond
Jon Voight;Mission: Impossible
Irene Dunne;Awful Truth, The
Stellan Skarsgard;Good Will Hunting
Bob Newhart;Elf
Eva Gabor;Gigi
John Payne;Miracle on 34th Street
Cameron Richardson;Alvin and the Chipmunks
Walter Matthau;Cactus Flower
Lari White;Cast Away
Jeffrey Jones;Ed Wood
Mel Gibson;Ransom
Bruce Dern;Monster
Maggie Gyllenhaal;The Dark Knight
Oliver Platt;2012
Hank Azaria;Godzilla
Joan Leslie;Yankee Doodle Dandy
Susannah York;They Shoot Horses, Dont They?
Denzel Washington;Training Day
Jon Voight;Lara Croft: Tomb Raider
Tia Carrere;Lilo & Stitch
Hugh Jackman;X2
Wes Bentley;The Hunger Games
Gene Saks;Thousand Clowns, A
William Daniels;Graduate, The
Julianne Moore;Lost World: Jurassic Park, The
Mathieu Amalric;Quantum of Solace
Cheech Marin;Cars
Jack Nicholson;Few Good Men, A
Natalie Portman;Star Wars: Episode I - The Phantom Menace
Diego Luna;Milk
Dick Powell;Bad and the Beautiful, The
Dominic West;300
Chris Evans;The Avengers
Niall MacGinnis;Hamlet
James Caviezel;Passion of the Christ, The
Rita Karin;Sophies Choice
Daniel Craig;Casino Royale
Natalie Portman;Star Wars: Episode II - Attack of the Clones
Whit Bissell;Hud
Johnny Mack Brown;Coquette
Joshua Leonard;Blair Witch Project, The
Karl Malden;On the Waterfront
Julia Nickson-Soul;Rambo: First Blood Part II
Sidney Blackmer;Rosemarys Baby
Forest Whitaker;The Last King of Scotland
David Morse;Green Mile, The
Mary McDonnell;Dances with Wolves
F. Murray Abraham;Amadeus
Ava Gardner;Barefoot Contessa, The
Kirsten Dunst;Spider-Man 3
Phillip Terry;Lost Weekend, The
Shelley Winters;Patch of Blue, A
Ron Silver;Reversal of Fortune
Jeff Bridges;Crazy Heart
undefined;undefined
George Segal;Touch of Class, A
Eileen Heckart;Butterflies Are Free
Holly Hunter;Piano, The
Jude Law;Sherlock Holmes
Graham Greene;Dances with Wolves
Ed Harris;Beautiful Mind, A
America Ferrera;How to Train Your Dragon
Paul Newman;Cool Hand Luke
Omar Sharif;Funny Girl
Justin Long;Alvin and the Chipmunks: The Squeakquel
Macaulay Culkin;Home Alone 2: Lost in New York
Owen Wilson;Wedding Crashers
Mike Myers;Shrek the Third
Jon Voight;National Treasure: Book of Secrets
Kate Winslet;The Reader
Leslie Harter Zemeckis;The Polar Express
Adam Sandler;Waterboy, The
Melanie Laurent;Inglourious Basterds
Halle Berry;Monsters Ball
George Clooney;Syriana
Dato Bakhtadze;Crash
Edward Burns;Saving Private Ryan
Kate Bosworth;Superman Returns
Paul Simon;Annie Hall
Walter Brennan;Come and Get It
Jennifer Lawrence;The Hunger Games
Tom Wilkinson;Rush Hour
Teresa Wright;Best Years of Our Lives, The
Edith Evans;Tom Jones
John Lithgow;Shrek
Marlon Brando;Viva Zapata!
Emma Thompson;Howards End
Ben Wright;One Hundred and One Dalmatians
Jack Black;Ice Age
Goldie Hawn;Butterflies Are Free
Timothy Hutton;Ordinary People
Paddy Considine;The Bourne Ultimatum
Billy Dee Williams;Star Wars: Episode VI - Return of the Jedi
Danny DeVito;Batman Returns
Dean Jagger;Twelve OClock High
Ed Harris;Places in the Heart
Tobey Maguire;Spider-Man 3
Jeff Bridges;Fisher King, The
Daniel Radcliffe;Harry Potter and the Half-Blood Prince
Pete Postlethwaite;Lost World: Jurassic Park, The
David Krumholtz;Santa Clause, The
William Holden;Stalag 17
Yul Brynner;Anastasia
John Howard;Philadelphia Story, The
Dianne Wiest;Bullets Over Broadway
Sergio Rubini;Passion of the Christ, The
John Savage;Deer Hunter, The
Cliff Robertson;Charly
Audrey Hepburn;Roman Holiday
Ben Stiller;Meet the Fockers
Will Ferrell;Elf
Bonnie Hunt;Cars
Danny DeVito;The Lorax
Cybill Shepherd;Last Picture Show, The
David Krumholtz;Santa Clause 2, The
Rex Harrison;My Fair Lady
Annabella Sciorra;Reversal of Fortune
Jack Hawkins;Ben-Hur
Celia Johnson;Prime of Miss Jean Brodie, The
Dame May Whitty;Mrs. Miniver
Norman Burton;Save the Tiger
Lee J. Cobb;On the Waterfront
Kristen Wiig;Bridesmaids
Warner Baxter;In Old Arizona
Patrick Swayze;Ghost
Jeffrey Tambor;How the Grinch Stole Christmas
Charlie Sheen;Platoon
Paul Newman;The Color of Money
John Travolta;Look Whos Talking
Peter Sarsgaard;Boys Dont Cry
Shia LaBeouf;Indiana Jones and the Kingdom of the Crystal Skull
Whoopi Goldberg;Sister Act
Tom Cruise;Mission: Impossible II
Nicole DeHuff;Meet the Parents
Joan Cusack;Toy Story 3
Tom Cruise;Jerry Maguire
John Turturro;Transformers: Revenge of the Fallen
Ralph Fiennes;The Reader
Wallace Ford;Informer, The
Jonathan Ke Quan;Indiana Jones and the Temple of Doom
Tom Bower;Crazy Heart
Charlie Tahan;I Am Legend
David Trimble;Brokeback Mountain
Russell Crowe;Beautiful Mind, A
Wesley Lau;I Want to Live!
Max von Sydow;Exorcist, The
Jordana Brewster;Fast & Furious
Ann Hearn;Accused, The
Harvey Keitel;Piano, The
Eddie Murphy;Shrek Forever After
Catherine Zeta-Jones;Chicago
Ed Begley;Sweet Bird of Youth
Nona Gaye;The Polar Express
Robert Prosky;Dead Man Walking
Glenn Close;Fatal Attraction
Nicole Kidman;Batman Forever
John Cazale;Godfather: Part II, The
Lisa Blount;Officer and a Gentleman, An
Lila Kedrova;Alexis Zorbas
Ingrid Bergman;Gaslight
Una OConnor;Cavalcade
Paul Newman;Cars
Zach Galligan;Gremlins
Eva Green;Casino Royale
Jack Black;Shark Tale
Michael Gough;Batman Returns
Charles Farrell;Seventh Heaven
Oded Fehr;Mummy Returns, The
Mia Farrow;Rosemarys Baby
Christopher Plummer;Up
Geoffrey Rush;Shakespeare in Love
Winona Ryder;Girl, Interrupted
John Heard;Home Alone 2: Lost in New York
Norma Shearer;Free Soul, A
George Kennedy;Cool Hand Luke
Denholm Elliott;Indiana Jones and the Last Crusade
Meryl Streep;Sophies Choice
Gabrielle Witcher;Monsters Ball
Katina Paxinou;For Whom the Bell Tolls
Raini Rodriguez;Paul Blart: Mall Cop
James Robinson;Braveheart
John Cleese;Fish Called Wanda, A
Brad Pitt;Mr. & Mrs. Smith
Tanveer K. Atwal;Matrix Revolutions, The
Tom Cruise;Born on the Fourth of July
Robert Duvall;Godfather: Part II, The
Mena Suvari;American Beauty
Jim Carrey;Batman Forever
Paul Muni;Good Earth, The
Julia Roberts;Runaway Bride
Julie Harris;East of Eden
Leslie Bibb;Iron Man
Noah Taylor;Charlie and the Chocolate Factory
Anna Kendrick;New Moon
Christian Bale;The Fighter
Cameron Diaz;Shrek 2
Irene Bedard;Pocahontas
Declan Croghan;My Left Foot
Danielle Skraastad;Michael Clayton
Jack Lemmon;Mister Roberts
Cary Elwes;Twister
Ben Burtt;WALL-E
Gary Cooper;Mr. Deeds Goes to Town
Hattie McDaniel;Great Lie, The
William Powell;Last Command, The
Preston Foster;Informer, The
Morgan Freeman;Driving Miss Daisy
Dean Jagger;Elmer Gantry
Peter MacNicol;Sophies Choice
Gloria Holden;Life of Emile Zola, The
Forest Whitaker;Platoon
Albert Brooks;Finding Nemo
Cornel Wilde;Greatest Show on Earth, The
Harris Yulin;Training Day
Rachel Weisz;The Mummy
Delroy Lindo;Up
Justin Bartha;National Treasure
Valente Rodriguez;Erin Brockovich
Jude Law;Cold Mountain
Patricia Smith;Save the Tiger
Jonathan Loughran;Anger Management
Giancarlo Giannini;Quantum of Solace
Elarica Gallacher;Harry Potter and the Half-Blood Prince
Kiefer Sutherland;Monsters vs Aliens
Emma Watson;Harry Potter and the Chamber of Secrets
Scott Glenn;Training Day
Tom Hardy;Inception
Sally Eilers;Bad Girl
Trevor Howard;Ryans Daughter
Naomi Watts;King Kong
Tony Roberts;Annie Hall
Denis Leary;Ice Age: The Meltdown
Dustin Hoffman;All the Presidents Men
Tobey Maguire;Cider House Rules, The
Fiona Shaw;Harry Potter and the Prisoner of Azkaban
Keira Knightley;Pirates of the Caribbean: The Curse of the Black Pearl
Michael C. Williams;Blair Witch Project, The
Maurice Chevalier;Gigi
Angelina Jolie;Girl, Interrupted
Geraldine Page;Trip to Bountiful, The
Penelope Wilton;Iris
Nick Nolte;Hulk
Burt Lancaster;Airport
Skandar Keynes;The Chronicles of Narnia: Prince Caspian
Tommy Lee Jones;Men in Black
Ryan ONeal;Paper Moon
Natalie Portman;Thor
Joseph Cotten;Gaslight
Martin Landau;Ed Wood
Mickey OKeefe;The Fighter
Kim Basinger;Batman
Ed Helms;The Hangover
Elias Koteas;Teenage Mutant Ninja Turtles
Noel Appleby;Lord of the Rings: The Fellowship of the Ring, The
Jeff Conaway;Grease
Anita Louise;Anthony Adverse
Franklin Dyall;Private Life of Henry VIII., The
Rita Wilson;Runaway Bride
Sophia Loren;Ciociara, La
Karen Morley;Kentucky
Giacomo Baessato;Scary Movie
Kathleen Turner;Prizzis Honor
Colin Hanks;King Kong
Jessica Chastain;The Help
Robert Duvall;To Kill a Mockingbird
Steve Buscemi;Monsters, Inc.
Tess Harper;Tender Mercies
Tyrone Power;Razors Edge, The
Gary Sinise;Forrest Gump
Jason Biggs;American Pie 2
Maura Tierney;Liar Liar
Susan Sarandon;Dead Man Walking
Thandie Newton;The Pursuit of Happyness
Jack Black;Kung Fu Panda 2
Carlos Alazraqui;Happy Feet
James Dean;Giant
Alan Arkin;Little Miss Sunshine
Mariah Carey;Precious: Based on the Novel Push by Sapphire
Russell Brand;Despicable Me
Rene Enriquez;Harry and Tonto
Kelly McGillis;Accused, The
Susan Sarandon;Rocky Horror Picture Show, The
Estelle Taylor;Cimarron
Anjelica Huston;Prizzis Honor
Kim Hunter;Streetcar Named Desire, A
Ellen Hamilton Latzen;Fatal Attraction
Amy Locane;Blue Sky
William Shatner;Over the Hedge
Jason Weaver;Lion King, The
Tom Cruise;Top Gun
Dorothy Malone;Written on the Wind
Marlon Brando;Godfather, The
Ian Keith;Two Arabian Knights
Hal Holbrook;Firm, The
Margaret Colin;Independence Day
John Ireland;All the Kings Men
Oliver Reed;Gladiator
Loretta Young;Farmers Daughter, The
Nicole Kidman;Cold Mountain
Jack Lemmon;Apartment, The
Nance ONeil;Cimarron
John Leguizamo;Ice Age: The Meltdown
Ruth Gordon;Rosemarys Baby
Harve Presnell;Fargo
Maile Flanagan;Ice Age: Dawn of the Dinosaurs
Mary Steenburgen;Melvin and Howard
Ray Liotta;Wild Hogs
Toni Collette;Sixth Sense, The
Noomi Rapace;Sherlock Holmes: A Game of Shadows
Seth Rogen;Knocked Up
Will Smith;I, Robot
David Ogden Stiers;Lilo & Stitch
Daniel Stern;City Slickers
Tom Hanks;The Da Vinci Code
Gregory Peck;Gentlemans Agreement
Matthew Lillard;Scooby-Doo
Terrence Howard;Iron Man
Shirley MacLaine;Being There
Kathy Bates;Waterboy, The
Rosario Dawson;Men in Black II
Peter Scolari;The Polar Express
Candice Bergen;Gandhi
Carla Gugino;Night at the Museum
Arnold Schwarzenegger;True Lies
Johnny Depp;Pirates of the Caribbean: The Curse of the Black Pearl
Ellen Barkin;Tender Mercies
Daniel Stern;Home Alone
Olivia de Havilland;Anthony Adverse
David Strathairn;The Bourne Ultimatum
Kathy Bates;Titanic
Sigourney Weaver;Ghostbusters
Eddie Marsan;Sherlock Holmes
Joseph Gordon-Levitt;G.I. Joe: The Rise of Cobra
Glynis Johns;Mary Poppins
Fred Stone;Westerner, The
Walter Matthau;Fortune Cookie, The
Gregory Peck;To Kill a Mockingbird
Pamela Franklin;Prime of Miss Jean Brodie, The
Helen Hunt;As Good As It Gets
Shia LaBeouf;Transformers: Dark of the Moon
Jeremy Irons;Lion King, The
Tom Hanks;Philadelphia
Marisa Tomei;My Cousin Vinny
Jack Kruschen;Apartment, The
Stephen Young;Patton
Eddie Murphy;Shrek
Penelope Cruz;Vicky Cristina Barcelona
Anthony Ross;Country Girl, The
Brian Howe;The Pursuit of Happyness
Gwyneth Paltrow;Iron Man 2
Daniel Craig;Quantum of Solace
Rongguang Yu;The Karate Kid
Kate Beckinsale;Pearl Harbor
Robert Coogan;Skippy
David Gulpilil;Crocodile Dundee
Denzel Washington;Glory
Tobey Maguire;Spider-Man
Robert Redford;Out of Africa
Jamie Foxx;Ray
Ken Jeong;The Hangover Part II
Carol Florence;Oceans Eleven
Michael Caine;California Suite
Eileen Atkins;Cold Mountain
Mickey Rooney;National Velvet
Iain Glen;Lara Croft: Tomb Raider
Hermino De Guzman;Year of Living Dangerously, The
Josephine Hull;Harvey
Jane Wyman;Lost Weekend, The
Harry J. Lennix;Ray
Burt Reynolds;The Longest Yard
Kate Winslet;Titanic
Roy Atwell;Snow White and the Seven Dwarfs
Glenn Close;101 Dalmatians
Jean Simmons;Elmer Gantry
Nigel Bruce;Suspicion
Jeff Goldblum;Jurassic Park
Julia Stiles;The Bourne Ultimatum
Margaret Rutherford;V.I.P.s, The
Robert Duvall;Network
Stephen Baldwin;Usual Suspects, The
Helena Bonham Carter;Planet of the Apes
Stubby Kaye;Who Framed Roger Rabbit
Fred Willard;WALL-E
Annette Bening;American Beauty
Steve Martin;Bringing Down the House
Willem Dafoe;Affliction
Annie Corley;Monster
Kristin Davis;Sex and the City
Emma Watson;Harry Potter and the Half-Blood Prince
Peter Boyle;Doctor Dolittle
Frank Welker;Aladdin
Aaron Eckhart;The Dark Knight
Richard A. Dysart;Being There
Bob Peterson;Up
Tom Hiddleston;Thor
William Powell;Great Ziegfeld, The
Mel Gibson;What Women Want
Ann Sothern;Letter to Three Wives, A
Richard Widmark;Judgment at Nuremberg
David Warshofsky;Taken
David Ogden Stiers;Beauty and the Beast
Maximilian Schell;Topkapi
Bruce Bennett;More the Merrier, The
Tom Hanks;Catch Me If You Can
Cate Blanchett;The Aviator
Sam Neill;Jurassic Park III
Robert Taylor;Johnny Eager
James Keane;Crazy Heart
Christian Bale;Batman Begins
Art Chudabala;Crash
Bruce Willis;Sixth Sense, The
Martin Sheen;The Departed
Susannah York;Tom Jones
Bernie Coulson;Accused, The
Dirk Bogarde;Darling
Julie Christie;Darling
Jon Voight;National Treasure
James Stewart;Harvey
Spencer Tracy;Guess Whos Coming to Dinner
Michael J. Fox;Stuart Little
Alyson Hannigan;American Pie 2
Geraldine Fitzgerald;Arthur
Ian McKellen;X-Men
Rose Hobart;Farmers Daughter, The
Charlton Heston;Ben-Hur
Michelle Monaghan;Mission: Impossible III
Gene Lockhart;Going My Way
Theodore Bikel;African Queen, The
Martita Hunt;Anastasia
Orlando Bloom;Pirates of the Caribbean: At Worlds End